"PID","age","gender","national","race","relstat","E14a_Charisma","E14a_Competence","E14a_Confidence","E14a_Dominance","E14a_Successfulness","E14i_Charisma","E14i_Competence","E14i_Confidence","E14i_Dominance","E14i_Successfulness","E26a_Charisma","E26a_Competence","E26a_Confidence","E26a_Dominance","E26a_Successfulness","E26i_Charisma","E26i_Competence","E26i_Confidence","E26i_Dominance","E26i_Successfulness","E35a_Charisma","E35a_Competence","E35a_Confidence","E35a_Dominance","E35a_Successfulness","E35i_Charisma","E35i_Competence","E35i_Confidence","E35i_Dominance","E35i_Successfulness","E4a_Charisma","E4a_Competence","E4a_Confidence","E4a_Dominance","E4a_Successfulness","E4i_Charisma","E4i_Competence","E4i_Confidence","E4i_Dominance","E4i_Successfulness","E6a_Charisma","E6a_Competence","E6a_Confidence","E6a_Dominance","E6a_Successfulness","E6i_Charisma","E6i_Competence","E6i_Confidence","E6i_Dominance","E6i_Successfulness","E9a_Charisma","E9a_Competence","E9a_Confidence","E9a_Dominance","E9a_Successfulness","E9i_Charisma","E9i_Competence","E9i_Confidence","E9i_Dominance","E9i_Successfulness","S1a_Charisma","S1a_Competence","S1a_Confidence","S1a_Dominance","S1a_Successfulness","S1i_Charisma","S1i_Competence","S1i_Confidence","S1i_Dominance","S1i_Successfulness","S20a_Charisma","S20a_Competence","S20a_Confidence","S20a_Dominance","S20a_Successfulness","S20i_Charisma","S20i_Competence","S20i_Confidence","S20i_Dominance","S20i_Successfulness","S36a_Charisma","S36a_Competence","S36a_Confidence","S36a_Dominance","S36a_Successfulness","S36i_Charisma","S36i_Competence","S36i_Confidence","S36i_Dominance","S36i_Successfulness","S37a_Charisma","S37a_Competence","S37a_Confidence","S37a_Dominance","S37a_Successfulness","S37i_Charisma","S37i_Competence","S37i_Confidence","S37i_Dominance","S37i_Successfulness","S3a_Charisma","S3a_Competence","S3a_Confidence","S3a_Dominance","S3a_Successfulness","S3i_Charisma","S3i_Competence","S3i_Confidence","S3i_Dominance","S3i_Successfulness","S5a_Charisma","S5a_Competence","S5a_Confidence","S5a_Dominance","S5a_Successfulness","S5i_Charisma","S5i_Competence","S5i_Confidence","S5i_Dominance","S5i_Successfulness"
"132944","25",2,"american","black",1,NA,NA,NA,NA,NA,4,5,3,4,4,2,2,4,4,4,NA,NA,NA,NA,NA,NA,NA,NA,NA,NA,3,4,4,5,5,5,5,5,5,5,NA,NA,NA,NA,NA,4,3,3,3,4,NA,NA,NA,NA,NA,NA,NA,NA,NA,NA,5,3,2,4,4,NA,NA,NA,NA,NA,5,2,4,4,5,4,3,6,4,5,NA,NA,NA,NA,NA,4,3,4,4,2,NA,NA,NA,NA,NA,NA,NA,NA,NA,NA,3,3,5,3,3,5,5,4,5,4,NA,NA,NA,NA,NA,NA,NA,NA,NA,NA,4,4,6,4,5
"8495925","44",1,"USA","caucasian",3,5,4,5,2,4,NA,NA,NA,NA,NA,NA,NA,NA,NA,NA,5,4,4,3,4,NA,NA,NA,NA,NA,3,4,3,2,4,3,4,2,3,4,NA,NA,NA,NA,NA,NA,NA,NA,NA,NA,5,4,4,4,5,5,4,5,2,4,NA,NA,NA,NA,NA,3,4,3,3,5,NA,NA,NA,NA,NA,NA,NA,NA,NA,NA,2,5,3,1,4,3,4,3,2,4,NA,NA,NA,NA,NA,NA,NA,NA,NA,NA,3,4,4,2,4,NA,NA,NA,NA,NA,3,4,3,2,4,3,4,3,3,3,NA,NA,NA,NA,NA
"7851935","49",2,"United States","White",3,5,6,6,5,6,NA,NA,NA,NA,NA,NA,NA,NA,NA,NA,5,6,6,5,6,NA,NA,NA,NA,NA,4,4,3,4,4,5,6,5,5,6,NA,NA,NA,NA,NA,6,6,6,6,6,NA,NA,NA,NA,NA,NA,NA,NA,NA,NA,4,6,5,4,6,5,6,6,5,6,NA,NA,NA,NA,NA,3,6,3,3,6,NA,NA,NA,NA,NA,4,6,5,4,6,NA,NA,NA,NA,NA,NA,NA,NA,NA,NA,4,5,4,4,5,NA,NA,NA,NA,NA,3,6,5,3,5,NA,NA,NA,NA,NA,4,4,2,4,4
"9034432","35",2,"American","mixed/multiracial",3,7,7,7,7,7,NA,NA,NA,NA,NA,NA,NA,NA,NA,NA,4,4,4,4,4,NA,NA,NA,NA,NA,2,4,4,4,4,7,7,7,7,7,NA,NA,NA,NA,NA,NA,NA,NA,NA,NA,7,7,7,7,7,7,7,7,7,7,NA,NA,NA,NA,NA,NA,NA,NA,NA,NA,7,7,5,7,7,NA,NA,NA,NA,NA,7,7,7,7,7,7,7,7,7,7,NA,NA,NA,NA,NA,5,5,5,5,5,NA,NA,NA,NA,NA,NA,NA,NA,NA,NA,7,7,7,7,7,1,7,2,3,2,NA,NA,NA,NA,NA
"2094409","39",1,"american","white",2,4,4,4,2,4,NA,NA,NA,NA,NA,NA,NA,NA,NA,NA,3,4,4,2,5,NA,NA,NA,NA,NA,4,5,5,2,4,4,5,5,3,5,NA,NA,NA,NA,NA,5,5,5,3,5,NA,NA,NA,NA,NA,NA,NA,NA,NA,NA,5,5,5,3,5,NA,NA,NA,NA,NA,5,5,5,3,5,3,3,4,3,5,NA,NA,NA,NA,NA,NA,NA,NA,NA,NA,3,5,5,2,5,5,5,5,3,5,NA,NA,NA,NA,NA,2,4,3,1,4,NA,NA,NA,NA,NA,NA,NA,NA,NA,NA,3,4,4,2,4
"9357926","38",1,"american","white",2,NA,NA,NA,NA,NA,4,4,4,3,4,6,5,5,5,5,NA,NA,NA,NA,NA,NA,NA,NA,NA,NA,4,4,4,5,5,3,3,4,3,3,NA,NA,NA,NA,NA,NA,NA,NA,NA,NA,4,5,5,4,4,5,5,5,4,4,NA,NA,NA,NA,NA,NA,NA,NA,NA,NA,3,4,4,4,4,NA,NA,NA,NA,NA,3,3,4,3,3,3,4,3,3,3,NA,NA,NA,NA,NA,2,3,3,2,3,NA,NA,NA,NA,NA,NA,NA,NA,NA,NA,3,4,4,3,4,3,4,3,3,4,NA,NA,NA,NA,NA
"5041230","30",1,"American","White",3,4,4,3,4,5,NA,NA,NA,NA,NA,NA,NA,NA,NA,NA,4,3,4,5,3,NA,NA,NA,NA,NA,3,3,5,3,2,4,3,4,4,4,NA,NA,NA,NA,NA,4,4,4,4,4,NA,NA,NA,NA,NA,NA,NA,NA,NA,NA,4,5,5,5,3,NA,NA,NA,NA,NA,5,3,5,4,4,5,2,4,3,5,NA,NA,NA,NA,NA,NA,NA,NA,NA,NA,4,4,3,4,3,NA,NA,NA,NA,NA,5,3,3,2,2,3,5,2,4,4,NA,NA,NA,NA,NA,5,5,4,3,4,NA,NA,NA,NA,NA
"7330136","34",1,"american","white",3,NA,NA,NA,NA,NA,7,7,6,5,7,7,6,5,3,5,NA,NA,NA,NA,NA,5,6,5,2,5,NA,NA,NA,NA,NA,6,7,7,6,7,NA,NA,NA,NA,NA,NA,NA,NA,NA,NA,5,5,3,2,4,NA,NA,NA,NA,NA,7,5,3,3,4,3,6,7,6,5,NA,NA,NA,NA,NA,NA,NA,NA,NA,NA,2,7,6,4,5,5,6,7,5,6,NA,NA,NA,NA,NA,NA,NA,NA,NA,NA,7,7,6,4,7,NA,NA,NA,NA,NA,1,5,3,5,3,1,4,3,1,2,NA,NA,NA,NA,NA
"2276476","25",2,"Albanian","Caucasian",2,5,5,5,5,5,NA,NA,NA,NA,NA,NA,NA,NA,NA,NA,5,5,5,5,5,NA,NA,NA,NA,NA,3,4,4,4,4,4,3,3,2,3,NA,NA,NA,NA,NA,NA,NA,NA,NA,NA,6,6,6,6,6,6,6,5,6,5,NA,NA,NA,NA,NA,NA,NA,NA,NA,NA,5,5,4,5,5,4,5,5,4,5,NA,NA,NA,NA,NA,4,5,4,4,4,NA,NA,NA,NA,NA,NA,NA,NA,NA,NA,6,6,6,6,6,NA,NA,NA,NA,NA,4,4,5,5,4,3,4,4,4,3,NA,NA,NA,NA,NA
"7189953","36",2,"american","asian",1,3,4,5,3,3,NA,NA,NA,NA,NA,NA,NA,NA,NA,NA,4,5,5,5,5,NA,NA,NA,NA,NA,2,4,4,3,3,6,5,6,4,5,NA,NA,NA,NA,NA,4,5,5,4,4,NA,NA,NA,NA,NA,NA,NA,NA,NA,NA,5,5,5,3,4,5,5,5,5,4,NA,NA,NA,NA,NA,NA,NA,NA,NA,NA,4,5,3,2,3,NA,NA,NA,NA,NA,4,5,5,3,3,NA,NA,NA,NA,NA,6,4,5,4,3,5,4,4,3,3,NA,NA,NA,NA,NA,3,4,4,2,3,NA,NA,NA,NA,NA
"8995818","68",2,"American","White",2,6,7,6,1,6,NA,NA,NA,NA,NA,NA,NA,NA,NA,NA,6,6,6,2,6,NA,NA,NA,NA,NA,5,6,6,2,6,6,6,6,2,6,NA,NA,NA,NA,NA,NA,NA,NA,NA,NA,6,6,6,3,6,6,6,6,6,6,NA,NA,NA,NA,NA,NA,NA,NA,NA,NA,4,5,5,3,6,NA,NA,NA,NA,NA,4,6,5,1,6,4,6,4,2,5,NA,NA,NA,NA,NA,6,6,6,2,6,NA,NA,NA,NA,NA,NA,NA,NA,NA,NA,2,5,5,2,4,4,5,5,2,6,NA,NA,NA,NA,NA
"2690286","36",2,"usa","white",3,NA,NA,NA,NA,NA,6,4,7,4,7,NA,NA,NA,NA,NA,7,7,7,4,7,NA,NA,NA,NA,NA,6,7,7,7,7,2,5,1,2,5,NA,NA,NA,NA,NA,7,7,7,7,7,NA,NA,NA,NA,NA,7,7,7,7,7,NA,NA,NA,NA,NA,1,5,1,1,5,NA,NA,NA,NA,NA,2,5,1,1,5,NA,NA,NA,NA,NA,NA,NA,NA,NA,NA,7,5,5,7,7,5,4,4,4,7,NA,NA,NA,NA,NA,NA,NA,NA,NA,NA,2,5,1,4,2,NA,NA,NA,NA,NA,3,5,3,2,2
"4856039","33",2,"American","White",3,NA,NA,NA,NA,NA,2,6,5,5,6,NA,NA,NA,NA,NA,4,6,7,5,6,NA,NA,NA,NA,NA,2,5,5,2,5,4,6,7,6,6,NA,NA,NA,NA,NA,3,7,7,5,7,NA,NA,NA,NA,NA,4,6,7,5,7,NA,NA,NA,NA,NA,NA,NA,NA,NA,NA,3,7,7,4,7,1,3,2,1,4,NA,NA,NA,NA,NA,NA,NA,NA,NA,NA,2,5,4,1,5,6,7,5,3,6,NA,NA,NA,NA,NA,NA,NA,NA,NA,NA,2,4,4,3,3,1,2,2,1,4,NA,NA,NA,NA,NA
"952975","41",2,"american","white",3,NA,NA,NA,NA,NA,4,4,4,3,4,NA,NA,NA,NA,NA,4,4,4,4,4,4,4,4,4,4,NA,NA,NA,NA,NA,4,4,4,4,4,NA,NA,NA,NA,NA,NA,NA,NA,NA,NA,5,4,5,4,4,4,4,4,4,4,NA,NA,NA,NA,NA,NA,NA,NA,NA,NA,4,4,4,4,4,NA,NA,NA,NA,NA,4,4,4,4,4,4,4,4,4,4,NA,NA,NA,NA,NA,NA,NA,NA,NA,NA,4,4,4,4,4,3,4,4,4,4,NA,NA,NA,NA,NA,4,4,4,4,4,NA,NA,NA,NA,NA
"2534739","30",1,"US","White",2,7,6,7,3,6,NA,NA,NA,NA,NA,NA,NA,NA,NA,NA,7,7,6,4,4,NA,NA,NA,NA,NA,6,6,5,5,6,5,5,6,4,5,NA,NA,NA,NA,NA,NA,NA,NA,NA,NA,6,6,7,4,6,5,6,6,3,6,NA,NA,NA,NA,NA,NA,NA,NA,NA,NA,4,4,5,5,6,4,7,5,2,7,NA,NA,NA,NA,NA,NA,NA,NA,NA,NA,4,6,6,3,6,4,5,6,3,6,NA,NA,NA,NA,NA,NA,NA,NA,NA,NA,3,6,5,3,6,4,7,5,4,6,NA,NA,NA,NA,NA
"16883","34",2,"American","caucasian",1,NA,NA,NA,NA,NA,4,3,3,3,3,NA,NA,NA,NA,NA,3,3,3,3,3,5,5,5,4,6,NA,NA,NA,NA,NA,4,5,5,4,5,NA,NA,NA,NA,NA,5,5,6,4,5,NA,NA,NA,NA,NA,NA,NA,NA,NA,NA,4,4,4,3,4,2,4,4,3,6,NA,NA,NA,NA,NA,NA,NA,NA,NA,NA,3,3,3,3,4,NA,NA,NA,NA,NA,3,4,3,3,4,3,5,3,3,4,NA,NA,NA,NA,NA,2,2,2,2,2,NA,NA,NA,NA,NA,NA,NA,NA,NA,NA,2,3,4,3,3
"1687498","47",2,"American","Non-Hispanic Caucasian",3,5,7,6,2,5,NA,NA,NA,NA,NA,NA,NA,NA,NA,NA,3,4,4,3,3,NA,NA,NA,NA,NA,6,6,6,3,6,7,6,6,2,6,NA,NA,NA,NA,NA,NA,NA,NA,NA,NA,6,5,5,2,5,7,6,6,3,6,NA,NA,NA,NA,NA,NA,NA,NA,NA,NA,2,6,3,3,3,NA,NA,NA,NA,NA,2,6,6,2,6,2,4,5,6,4,NA,NA,NA,NA,NA,NA,NA,NA,NA,NA,3,4,5,1,4,2,4,6,6,5,NA,NA,NA,NA,NA,2,3,7,6,4,NA,NA,NA,NA,NA
"967291","49",1,"American","white",1,NA,NA,NA,NA,NA,4,6,5,6,6,NA,NA,NA,NA,NA,5,6,6,2,6,NA,NA,NA,NA,NA,5,6,6,2,6,6,6,7,2,6,NA,NA,NA,NA,NA,6,6,6,2,6,NA,NA,NA,NA,NA,6,6,6,1,6,NA,NA,NA,NA,NA,NA,NA,NA,NA,NA,1,4,1,1,1,4,6,4,1,6,NA,NA,NA,NA,NA,NA,NA,NA,NA,NA,2,6,6,2,6,NA,NA,NA,NA,NA,4,6,6,2,6,2,6,2,1,5,NA,NA,NA,NA,NA,1,5,2,1,4,NA,NA,NA,NA,NA
"3888420","28",1,"US Citizen","Caucasian",2,4,5,5,4,5,NA,NA,NA,NA,NA,NA,NA,NA,NA,NA,5,5,5,5,5,NA,NA,NA,NA,NA,3,5,4,4,6,3,5,4,3,4,NA,NA,NA,NA,NA,NA,NA,NA,NA,NA,6,5,5,4,5,4,5,6,4,5,NA,NA,NA,NA,NA,NA,NA,NA,NA,NA,4,5,4,4,4,NA,NA,NA,NA,NA,4,5,4,4,5,NA,NA,NA,NA,NA,4,6,4,5,5,3,5,4,3,4,NA,NA,NA,NA,NA,4,5,4,3,5,NA,NA,NA,NA,NA,4,5,4,4,5,NA,NA,NA,NA,NA
"9925742","49",1,"American","Caucasian",3,4,7,6,4,6,NA,NA,NA,NA,NA,NA,NA,NA,NA,NA,5,7,6,4,6,NA,NA,NA,NA,NA,3,5,3,2,5,3,5,4,3,4,NA,NA,NA,NA,NA,6,6,5,3,6,NA,NA,NA,NA,NA,NA,NA,NA,NA,NA,5,6,5,3,5,NA,NA,NA,NA,NA,3,7,7,5,6,2,6,4,3,5,NA,NA,NA,NA,NA,NA,NA,NA,NA,NA,4,7,7,5,6,5,7,5,4,6,NA,NA,NA,NA,NA,5,6,3,2,6,NA,NA,NA,NA,NA,NA,NA,NA,NA,NA,2,7,6,4,6
"9050288","24",2,"USA","black",2,5,5,5,4,5,NA,NA,NA,NA,NA,NA,NA,NA,NA,NA,2,4,3,3,4,NA,NA,NA,NA,NA,5,5,5,3,5,5,5,3,3,5,NA,NA,NA,NA,NA,7,6,6,4,6,NA,NA,NA,NA,NA,NA,NA,NA,NA,NA,3,4,4,3,4,NA,NA,NA,NA,NA,3,5,5,5,4,2,4,4,3,4,NA,NA,NA,NA,NA,NA,NA,NA,NA,NA,3,5,4,3,4,5,5,3,3,4,NA,NA,NA,NA,NA,3,4,2,2,3,NA,NA,NA,NA,NA,NA,NA,NA,NA,NA,1,4,2,2,4
"1955626","27",2,"USA","white",3,2,6,5,2,5,NA,NA,NA,NA,NA,NA,NA,NA,NA,NA,6,7,6,4,7,3,5,4,2,5,NA,NA,NA,NA,NA,6,6,5,4,6,NA,NA,NA,NA,NA,NA,NA,NA,NA,NA,7,7,7,5,7,NA,NA,NA,NA,NA,4,7,4,3,4,NA,NA,NA,NA,NA,6,6,6,5,4,2,7,3,2,5,NA,NA,NA,NA,NA,6,7,7,4,6,NA,NA,NA,NA,NA,6,6,6,3,6,NA,NA,NA,NA,NA,NA,NA,NA,NA,NA,2,4,2,2,2,NA,NA,NA,NA,NA,1,4,2,1,3
"1094078","35",1,"USA","white",3,NA,NA,NA,NA,NA,3,3,3,3,4,NA,NA,NA,NA,NA,2,4,2,3,3,6,6,6,4,6,NA,NA,NA,NA,NA,2,4,3,2,4,NA,NA,NA,NA,NA,6,6,6,2,6,NA,NA,NA,NA,NA,NA,NA,NA,NA,NA,6,6,6,6,6,3,3,3,3,3,NA,NA,NA,NA,NA,3,3,2,2,3,NA,NA,NA,NA,NA,NA,NA,NA,NA,NA,3,4,3,3,4,NA,NA,NA,NA,NA,3,2,2,4,4,2,3,2,2,3,NA,NA,NA,NA,NA,NA,NA,NA,NA,NA,2,3,2,2,3
"7986196","24",1,"American","Caucasian",1,NA,NA,NA,NA,NA,6,6,7,3,6,NA,NA,NA,NA,NA,4,5,5,4,4,NA,NA,NA,NA,NA,5,5,4,3,7,5,6,5,4,6,NA,NA,NA,NA,NA,3,3,5,2,3,NA,NA,NA,NA,NA,6,6,6,6,6,NA,NA,NA,NA,NA,NA,NA,NA,NA,NA,7,5,6,6,5,2,4,2,1,3,NA,NA,NA,NA,NA,NA,NA,NA,NA,NA,3,3,4,4,4,3,3,5,2,3,NA,NA,NA,NA,NA,NA,NA,NA,NA,NA,5,5,5,5,6,3,3,2,2,3,NA,NA,NA,NA,NA
"7019352","43",2,"American","African American",5,5,6,5,3,5,NA,NA,NA,NA,NA,NA,NA,NA,NA,NA,4,5,5,3,5,NA,NA,NA,NA,NA,4,5,4,2,5,5,5,5,2,5,NA,NA,NA,NA,NA,5,5,5,2,5,NA,NA,NA,NA,NA,NA,NA,NA,NA,NA,5,5,5,5,4,NA,NA,NA,NA,NA,4,5,5,5,5,3,6,5,2,5,NA,NA,NA,NA,NA,NA,NA,NA,NA,NA,5,5,6,3,5,4,5,4,3,5,NA,NA,NA,NA,NA,3,5,5,4,5,NA,NA,NA,NA,NA,NA,NA,NA,NA,NA,3,6,5,5,6
"4690881","24",2,"United States","White",3,NA,NA,NA,NA,NA,4,4,4,4,4,5,4,5,4,4,NA,NA,NA,NA,NA,NA,NA,NA,NA,NA,4,4,4,4,4,4,4,3,4,4,NA,NA,NA,NA,NA,NA,NA,NA,NA,NA,4,4,4,4,4,6,5,4,4,4,NA,NA,NA,NA,NA,4,4,4,4,4,NA,NA,NA,NA,NA,4,4,3,4,4,NA,NA,NA,NA,NA,2,4,4,4,4,NA,NA,NA,NA,NA,NA,NA,NA,NA,NA,4,4,4,4,4,NA,NA,NA,NA,NA,4,4,4,4,4,NA,NA,NA,NA,NA,4,4,4,4,4
"8306200","34",1,"US","white",1,NA,NA,NA,NA,NA,3,6,5,4,6,NA,NA,NA,NA,NA,4,5,6,5,5,5,6,5,4,6,NA,NA,NA,NA,NA,5,6,3,3,6,NA,NA,NA,NA,NA,6,6,4,5,6,NA,NA,NA,NA,NA,NA,NA,NA,NA,NA,5,6,4,4,6,3,6,6,5,5,NA,NA,NA,NA,NA,3,6,5,4,6,NA,NA,NA,NA,NA,NA,NA,NA,NA,NA,3,6,4,4,6,4,4,4,3,6,NA,NA,NA,NA,NA,NA,NA,NA,NA,NA,5,6,3,4,6,NA,NA,NA,NA,NA,3,5,3,3,6
"1460786","40",2,"American","Latina",1,4,7,5,1,7,NA,NA,NA,NA,NA,NA,NA,NA,NA,NA,4,6,5,1,6,NA,NA,NA,NA,NA,3,6,5,1,6,2,7,5,1,6,NA,NA,NA,NA,NA,NA,NA,NA,NA,NA,4,7,6,2,7,3,6,5,1,6,NA,NA,NA,NA,NA,NA,NA,NA,NA,NA,1,6,2,2,6,NA,NA,NA,NA,NA,1,7,4,2,7,2,7,6,4,7,NA,NA,NA,NA,NA,NA,NA,NA,NA,NA,1,7,4,1,6,1,7,6,2,6,NA,NA,NA,NA,NA,1,7,3,2,7,NA,NA,NA,NA,NA
"8765050","36",2,"American","Caucasian",3,7,6,6,5,7,NA,NA,NA,NA,NA,NA,NA,NA,NA,NA,6,5,6,6,6,NA,NA,NA,NA,NA,4,5,5,5,5,6,4,6,2,5,NA,NA,NA,NA,NA,6,5,4,2,5,NA,NA,NA,NA,NA,NA,NA,NA,NA,NA,4,5,6,3,5,5,5,2,2,4,NA,NA,NA,NA,NA,NA,NA,NA,NA,NA,3,7,3,3,7,NA,NA,NA,NA,NA,3,5,6,6,6,NA,NA,NA,NA,NA,6,5,6,5,6,3,5,6,3,5,NA,NA,NA,NA,NA,3,3,5,6,5,NA,NA,NA,NA,NA
"7969711","69",2,"United States","Caucasian",5,NA,NA,NA,NA,NA,3,4,4,3,4,6,6,6,6,6,NA,NA,NA,NA,NA,3,4,4,3,4,NA,NA,NA,NA,NA,4,6,5,4,6,NA,NA,NA,NA,NA,NA,NA,NA,NA,NA,7,6,6,7,6,NA,NA,NA,NA,NA,4,4,5,4,4,NA,NA,NA,NA,NA,4,5,5,5,5,3,5,4,3,4,NA,NA,NA,NA,NA,5,6,6,5,6,NA,NA,NA,NA,NA,NA,NA,NA,NA,NA,5,5,5,5,5,3,5,4,3,5,NA,NA,NA,NA,NA,NA,NA,NA,NA,NA,2,4,3,4,4
"4623082","24",1,"American","white",1,3,6,3,1,5,NA,NA,NA,NA,NA,NA,NA,NA,NA,NA,5,4,3,1,2,NA,NA,NA,NA,NA,2,4,5,1,4,4,5,2,2,5,NA,NA,NA,NA,NA,NA,NA,NA,NA,NA,5,4,6,5,1,6,5,6,3,5,NA,NA,NA,NA,NA,NA,NA,NA,NA,NA,1,2,2,2,1,1,1,1,2,2,NA,NA,NA,NA,NA,1,3,2,1,4,NA,NA,NA,NA,NA,NA,NA,NA,NA,NA,3,4,2,1,3,NA,NA,NA,NA,NA,1,5,1,1,5,1,4,1,2,4,NA,NA,NA,NA,NA
"8225731","38",2,"United States","Caucasian",3,NA,NA,NA,NA,NA,4,4,3,3,4,NA,NA,NA,NA,NA,3,4,1,2,2,3,4,5,3,2,NA,NA,NA,NA,NA,5,6,5,3,4,NA,NA,NA,NA,NA,4,5,4,4,5,NA,NA,NA,NA,NA,NA,NA,NA,NA,NA,4,4,4,5,5,4,5,2,2,4,NA,NA,NA,NA,NA,2,4,2,1,5,NA,NA,NA,NA,NA,NA,NA,NA,NA,NA,5,5,4,2,3,NA,NA,NA,NA,NA,2,4,3,1,3,3,4,3,2,3,NA,NA,NA,NA,NA,NA,NA,NA,NA,NA,4,5,4,2,3
"5917799","42",2,"American","Caucasian",3,6,6,6,1,6,NA,NA,NA,NA,NA,NA,NA,NA,NA,NA,5,5,5,5,5,NA,NA,NA,NA,NA,5,5,5,2,5,7,7,7,2,7,NA,NA,NA,NA,NA,NA,NA,NA,NA,NA,6,6,6,3,6,5,5,5,5,5,NA,NA,NA,NA,NA,3,6,3,3,6,NA,NA,NA,NA,NA,5,5,5,1,5,NA,NA,NA,NA,NA,NA,NA,NA,NA,NA,2,2,2,1,2,NA,NA,NA,NA,NA,5,6,5,2,6,NA,NA,NA,NA,NA,1,1,1,1,1,3,3,3,2,3,NA,NA,NA,NA,NA
"3227263","37",2,"us","w",3,NA,NA,NA,NA,NA,4,4,3,3,4,4,3,4,3,3,NA,NA,NA,NA,NA,5,5,4,5,5,NA,NA,NA,NA,NA,4,4,4,3,3,NA,NA,NA,NA,NA,NA,NA,NA,NA,NA,3,3,4,4,4,NA,NA,NA,NA,NA,2,2,3,4,2,4,5,3,3,3,NA,NA,NA,NA,NA,NA,NA,NA,NA,NA,2,2,2,2,3,4,4,3,3,4,NA,NA,NA,NA,NA,NA,NA,NA,NA,NA,4,4,4,4,4,NA,NA,NA,NA,NA,4,4,3,4,4,4,3,3,4,3,NA,NA,NA,NA,NA
"6974566","46",2,"American","West Indian",4,NA,NA,NA,NA,NA,4,5,4,1,6,5,7,6,1,6,NA,NA,NA,NA,NA,NA,NA,NA,NA,NA,6,6,7,4,6,5,5,4,2,5,NA,NA,NA,NA,NA,NA,NA,NA,NA,NA,4,6,4,2,5,6,6,6,4,6,NA,NA,NA,NA,NA,NA,NA,NA,NA,NA,4,6,6,3,5,NA,NA,NA,NA,NA,1,6,4,1,2,2,6,6,4,5,NA,NA,NA,NA,NA,3,5,5,1,3,NA,NA,NA,NA,NA,NA,NA,NA,NA,NA,2,6,4,4,4,1,1,1,1,1,NA,NA,NA,NA,NA
"804893","40",1,"american","white",3,NA,NA,NA,NA,NA,4,3,4,5,4,5,5,3,3,4,NA,NA,NA,NA,NA,3,4,4,3,4,NA,NA,NA,NA,NA,5,5,4,4,5,NA,NA,NA,NA,NA,NA,NA,NA,NA,NA,6,6,5,3,5,NA,NA,NA,NA,NA,5,4,4,5,5,3,3,4,3,3,NA,NA,NA,NA,NA,3,5,4,4,3,NA,NA,NA,NA,NA,NA,NA,NA,NA,NA,4,5,3,3,4,5,3,4,5,4,NA,NA,NA,NA,NA,NA,NA,NA,NA,NA,4,5,4,4,3,NA,NA,NA,NA,NA,5,4,3,4,4
"4894309","25",2,"American","Caucasian",2,1,7,1,1,7,NA,NA,NA,NA,NA,NA,NA,NA,NA,NA,1,7,1,1,7,6,7,7,1,7,NA,NA,NA,NA,NA,1,7,7,1,7,NA,NA,NA,NA,NA,NA,NA,NA,NA,NA,5,5,5,5,5,NA,NA,NA,NA,NA,6,6,6,1,6,NA,NA,NA,NA,NA,1,1,1,1,1,1,7,1,1,7,NA,NA,NA,NA,NA,1,7,3,1,7,NA,NA,NA,NA,NA,3,7,2,1,7,NA,NA,NA,NA,NA,NA,NA,NA,NA,NA,1,7,1,1,7,NA,NA,NA,NA,NA,1,7,1,1,6
"7922361","25",1,"American","White",3,5,7,7,4,7,NA,NA,NA,NA,NA,NA,NA,NA,NA,NA,7,7,7,1,7,NA,NA,NA,NA,NA,7,6,7,4,6,5,5,5,1,5,NA,NA,NA,NA,NA,7,7,7,4,7,NA,NA,NA,NA,NA,NA,NA,NA,NA,NA,5,4,5,1,5,4,5,4,5,4,NA,NA,NA,NA,NA,NA,NA,NA,NA,NA,4,5,4,3,5,NA,NA,NA,NA,NA,4,5,5,2,6,NA,NA,NA,NA,NA,6,7,7,5,7,3,5,2,2,4,NA,NA,NA,NA,NA,1,2,1,1,2,NA,NA,NA,NA,NA
"2329135","35",2,"American","Hispanic",3,NA,NA,NA,NA,NA,5,5,5,4,4,4,5,6,3,5,NA,NA,NA,NA,NA,NA,NA,NA,NA,NA,4,4,5,4,3,4,4,4,2,5,NA,NA,NA,NA,NA,NA,NA,NA,NA,NA,4,3,5,3,5,6,4,4,6,3,NA,NA,NA,NA,NA,4,4,2,5,3,NA,NA,NA,NA,NA,NA,NA,NA,NA,NA,2,5,2,1,5,NA,NA,NA,NA,NA,3,3,2,2,4,NA,NA,NA,NA,NA,3,4,2,2,4,2,1,1,1,1,NA,NA,NA,NA,NA,2,4,3,3,4,NA,NA,NA,NA,NA
"5119631","56",1,"USA","Caucasian",3,4,6,5,3,7,NA,NA,NA,NA,NA,NA,NA,NA,NA,NA,6,6,4,4,6,NA,NA,NA,NA,NA,6,6,7,4,6,6,5,1,3,5,NA,NA,NA,NA,NA,NA,NA,NA,NA,NA,7,6,4,5,6,5,6,6,3,7,NA,NA,NA,NA,NA,2,6,3,3,6,NA,NA,NA,NA,NA,NA,NA,NA,NA,NA,1,5,3,2,4,NA,NA,NA,NA,NA,2,4,3,3,4,NA,NA,NA,NA,NA,3,5,2,1,4,3,6,2,1,6,NA,NA,NA,NA,NA,1,6,1,4,5,NA,NA,NA,NA,NA
"3880459","30",1,"american","white",2,NA,NA,NA,NA,NA,3,5,5,2,2,6,5,5,2,4,NA,NA,NA,NA,NA,NA,NA,NA,NA,NA,5,2,4,1,1,3,4,5,3,4,NA,NA,NA,NA,NA,5,4,5,1,5,NA,NA,NA,NA,NA,NA,NA,NA,NA,NA,3,4,4,3,4,2,4,4,3,3,NA,NA,NA,NA,NA,NA,NA,NA,NA,NA,1,4,2,1,4,NA,NA,NA,NA,NA,4,3,3,1,3,3,4,5,1,4,NA,NA,NA,NA,NA,NA,NA,NA,NA,NA,2,4,3,1,2,1,5,3,3,3,NA,NA,NA,NA,NA
"7511126","30",1,"American","Asian",1,NA,NA,NA,NA,NA,4,2,5,3,2,6,5,5,3,5,NA,NA,NA,NA,NA,NA,NA,NA,NA,NA,2,4,2,3,3,5,5,5,5,6,NA,NA,NA,NA,NA,NA,NA,NA,NA,NA,3,5,4,4,3,5,4,6,4,6,NA,NA,NA,NA,NA,3,2,4,1,4,NA,NA,NA,NA,NA,NA,NA,NA,NA,NA,3,3,2,3,4,3,3,2,2,2,NA,NA,NA,NA,NA,NA,NA,NA,NA,NA,5,3,4,3,5,NA,NA,NA,NA,NA,5,3,3,4,3,4,3,2,4,3,NA,NA,NA,NA,NA
"553305","44",2,"Brazilian","Latin American",3,6,7,6,6,6,NA,NA,NA,NA,NA,NA,NA,NA,NA,NA,5,5,5,5,4,NA,NA,NA,NA,NA,3,4,3,2,3,6,6,6,4,5,NA,NA,NA,NA,NA,6,6,6,5,5,NA,NA,NA,NA,NA,NA,NA,NA,NA,NA,5,5,3,3,3,NA,NA,NA,NA,NA,5,5,4,3,4,3,6,2,3,5,NA,NA,NA,NA,NA,NA,NA,NA,NA,NA,5,5,4,5,5,3,6,6,5,5,NA,NA,NA,NA,NA,NA,NA,NA,NA,NA,6,5,4,3,4,2,5,5,3,3,NA,NA,NA,NA,NA
"7793541","63",1,"USA","white",3,NA,NA,NA,NA,NA,5,6,6,5,7,6,6,6,5,6,NA,NA,NA,NA,NA,6,6,6,5,6,NA,NA,NA,NA,NA,5,4,6,4,6,NA,NA,NA,NA,NA,NA,NA,NA,NA,NA,6,6,7,5,6,NA,NA,NA,NA,NA,4,5,4,5,5,NA,NA,NA,NA,NA,5,6,5,6,6,NA,NA,NA,NA,NA,4,6,6,4,6,NA,NA,NA,NA,NA,5,6,5,5,6,6,6,7,3,6,NA,NA,NA,NA,NA,5,6,6,4,6,NA,NA,NA,NA,NA,5,5,5,6,5,NA,NA,NA,NA,NA
"625916","35",1,"American","White",2,NA,NA,NA,NA,NA,6,6,5,6,6,5,5,6,4,5,NA,NA,NA,NA,NA,5,6,4,3,4,NA,NA,NA,NA,NA,5,5,5,5,5,NA,NA,NA,NA,NA,NA,NA,NA,NA,NA,5,5,5,5,5,NA,NA,NA,NA,NA,5,5,5,5,5,NA,NA,NA,NA,NA,5,5,5,5,5,NA,NA,NA,NA,NA,5,5,5,5,4,5,5,6,6,5,NA,NA,NA,NA,NA,6,5,5,5,5,NA,NA,NA,NA,NA,4,5,4,3,5,NA,NA,NA,NA,NA,NA,NA,NA,NA,NA,5,5,5,5,5
"825891","54",2,"American","Caucasian",1,NA,NA,NA,NA,NA,5,5,4,3,5,4,4,4,4,4,NA,NA,NA,NA,NA,4,4,4,4,4,NA,NA,NA,NA,NA,4,4,3,3,4,NA,NA,NA,NA,NA,NA,NA,NA,NA,NA,5,5,4,4,5,NA,NA,NA,NA,NA,5,4,4,3,4,NA,NA,NA,NA,NA,3,4,4,4,4,4,5,3,3,4,NA,NA,NA,NA,NA,4,5,5,5,5,NA,NA,NA,NA,NA,NA,NA,NA,NA,NA,3,4,4,4,4,NA,NA,NA,NA,NA,3,3,3,3,3,3,5,5,5,5,NA,NA,NA,NA,NA
"9677725","37",2,"United States","Caucasian",3,NA,NA,NA,NA,NA,3,6,5,4,5,NA,NA,NA,NA,NA,3,5,6,4,4,6,6,5,3,6,NA,NA,NA,NA,NA,5,5,5,5,5,NA,NA,NA,NA,NA,NA,NA,NA,NA,NA,5,6,5,4,5,7,7,5,4,6,NA,NA,NA,NA,NA,2,5,6,5,4,NA,NA,NA,NA,NA,NA,NA,NA,NA,NA,5,7,4,4,7,NA,NA,NA,NA,NA,3,6,4,4,5,NA,NA,NA,NA,NA,6,7,6,4,6,3,5,4,3,4,NA,NA,NA,NA,NA,3,5,5,4,4,NA,NA,NA,NA,NA
"7821551","25",2,"american","white",2,6,7,6,4,7,NA,NA,NA,NA,NA,NA,NA,NA,NA,NA,6,7,6,2,7,NA,NA,NA,NA,NA,5,7,6,2,7,6,7,6,4,6,NA,NA,NA,NA,NA,NA,NA,NA,NA,NA,6,7,7,6,7,5,6,7,3,5,NA,NA,NA,NA,NA,3,7,2,4,4,NA,NA,NA,NA,NA,NA,NA,NA,NA,NA,2,7,3,1,5,3,5,4,3,6,NA,NA,NA,NA,NA,NA,NA,NA,NA,NA,5,7,7,5,7,NA,NA,NA,NA,NA,3,5,4,2,5,2,6,3,3,4,NA,NA,NA,NA,NA
"4393898","57",1,"AMERICAN","WHITE",3,3,4,1,1,2,NA,NA,NA,NA,NA,NA,NA,NA,NA,NA,1,2,3,1,1,NA,NA,NA,NA,NA,2,5,4,1,4,1,1,1,1,2,NA,NA,NA,NA,NA,6,6,6,1,6,NA,NA,NA,NA,NA,NA,NA,NA,NA,NA,3,4,3,1,4,2,7,7,5,5,NA,NA,NA,NA,NA,NA,NA,NA,NA,NA,1,3,1,1,2,NA,NA,NA,NA,NA,2,5,4,2,4,1,2,4,1,2,NA,NA,NA,NA,NA,1,5,3,1,5,NA,NA,NA,NA,NA,NA,NA,NA,NA,NA,1,1,1,1,1
"4242415","65",1,"usa","white",3,NA,NA,NA,NA,NA,4,5,5,5,5,4,4,4,5,3,NA,NA,NA,NA,NA,3,4,4,3,3,NA,NA,NA,NA,NA,4,5,4,3,4,NA,NA,NA,NA,NA,NA,NA,NA,NA,NA,3,4,4,5,4,NA,NA,NA,NA,NA,4,3,3,3,3,3,4,4,3,3,NA,NA,NA,NA,NA,NA,NA,NA,NA,NA,4,4,4,3,4,NA,NA,NA,NA,NA,4,4,4,4,4,4,4,4,4,3,NA,NA,NA,NA,NA,NA,NA,NA,NA,NA,3,4,4,3,4,4,5,4,4,5,NA,NA,NA,NA,NA
"6091886","28",1,"American","latino",1,NA,NA,NA,NA,NA,5,5,5,2,5,6,5,3,4,4,NA,NA,NA,NA,NA,NA,NA,NA,NA,NA,7,7,7,6,7,6,5,5,6,5,NA,NA,NA,NA,NA,5,5,6,5,7,NA,NA,NA,NA,NA,NA,NA,NA,NA,NA,4,3,2,3,4,2,2,1,2,2,NA,NA,NA,NA,NA,3,5,4,5,5,NA,NA,NA,NA,NA,NA,NA,NA,NA,NA,6,7,7,7,5,6,6,7,5,1,NA,NA,NA,NA,NA,NA,NA,NA,NA,NA,7,5,6,6,3,NA,NA,NA,NA,NA,3,2,3,2,2
"5020416","50",1,"american","white",4,NA,NA,NA,NA,NA,4,4,5,3,4,6,4,6,3,4,NA,NA,NA,NA,NA,NA,NA,NA,NA,NA,4,3,4,4,5,6,6,6,5,6,NA,NA,NA,NA,NA,7,5,6,3,5,NA,NA,NA,NA,NA,NA,NA,NA,NA,NA,5,5,5,3,4,3,3,3,4,4,NA,NA,NA,NA,NA,NA,NA,NA,NA,NA,4,4,5,5,5,NA,NA,NA,NA,NA,4,4,4,4,4,6,6,6,2,6,NA,NA,NA,NA,NA,6,3,4,4,4,NA,NA,NA,NA,NA,NA,NA,NA,NA,NA,4,4,4,4,3
"3861915","29",2,"American","Black",1,NA,NA,NA,NA,NA,4,4,3,3,4,5,5,5,2,5,NA,NA,NA,NA,NA,6,5,6,5,5,NA,NA,NA,NA,NA,3,5,5,3,5,NA,NA,NA,NA,NA,NA,NA,NA,NA,NA,6,4,5,2,3,NA,NA,NA,NA,NA,5,4,5,4,5,NA,NA,NA,NA,NA,1,4,1,2,2,2,4,3,4,4,NA,NA,NA,NA,NA,NA,NA,NA,NA,NA,2,4,3,2,3,2,3,3,2,2,NA,NA,NA,NA,NA,4,4,4,3,4,NA,NA,NA,NA,NA,NA,NA,NA,NA,NA,2,3,4,3,4
"3328013","30",1,"American","White",1,2,5,5,1,5,NA,NA,NA,NA,NA,NA,NA,NA,NA,NA,3,3,3,1,2,NA,NA,NA,NA,NA,3,2,3,1,1,3,3,2,3,4,NA,NA,NA,NA,NA,3,4,4,1,4,NA,NA,NA,NA,NA,NA,NA,NA,NA,NA,4,3,3,3,3,3,4,4,6,3,NA,NA,NA,NA,NA,NA,NA,NA,NA,NA,1,5,2,2,3,NA,NA,NA,NA,NA,1,3,1,1,2,5,4,2,1,3,NA,NA,NA,NA,NA,1,2,1,1,1,NA,NA,NA,NA,NA,NA,NA,NA,NA,NA,2,5,3,1,5
"4845583","39",1,"usa","asian",1,5,5,4,4,5,NA,NA,NA,NA,NA,NA,NA,NA,NA,NA,4,4,4,4,4,NA,NA,NA,NA,NA,5,4,5,4,3,4,5,5,5,5,NA,NA,NA,NA,NA,5,5,5,4,5,NA,NA,NA,NA,NA,NA,NA,NA,NA,NA,4,4,4,4,4,NA,NA,NA,NA,NA,3,4,3,4,4,3,5,3,3,5,NA,NA,NA,NA,NA,4,5,4,4,4,NA,NA,NA,NA,NA,NA,NA,NA,NA,NA,4,5,5,4,5,NA,NA,NA,NA,NA,3,4,3,3,4,3,5,4,4,4,NA,NA,NA,NA,NA
"9728570","19",1,"USA","Asian",1,4,5,5,5,5,NA,NA,NA,NA,NA,NA,NA,NA,NA,NA,5,5,6,2,6,NA,NA,NA,NA,NA,5,5,5,2,5,5,4,5,3,4,NA,NA,NA,NA,NA,6,5,4,2,5,NA,NA,NA,NA,NA,NA,NA,NA,NA,NA,4,5,5,3,5,NA,NA,NA,NA,NA,3,4,5,5,3,3,5,3,2,4,NA,NA,NA,NA,NA,3,4,3,2,4,NA,NA,NA,NA,NA,NA,NA,NA,NA,NA,5,4,5,2,6,3,4,3,3,4,NA,NA,NA,NA,NA,NA,NA,NA,NA,NA,2,4,3,3,4
"6088116","20",1,"American","White",1,5,7,7,6,7,NA,NA,NA,NA,NA,NA,NA,NA,NA,NA,5,7,7,2,7,6,7,7,1,7,NA,NA,NA,NA,NA,6,7,3,1,7,NA,NA,NA,NA,NA,NA,NA,NA,NA,NA,6,7,7,2,7,NA,NA,NA,NA,NA,3,7,3,1,7,1,7,6,1,5,NA,NA,NA,NA,NA,NA,NA,NA,NA,NA,5,7,1,5,7,2,7,4,1,7,NA,NA,NA,NA,NA,NA,NA,NA,NA,NA,3,7,2,1,7,2,7,2,1,7,NA,NA,NA,NA,NA,NA,NA,NA,NA,NA,6,7,3,1,7
"5015741","35",2,"US CITIZEN","AFRICAN AMERICAN",4,NA,NA,NA,NA,NA,6,6,7,6,7,6,6,6,6,7,NA,NA,NA,NA,NA,NA,NA,NA,NA,NA,5,5,5,1,5,6,6,6,7,7,NA,NA,NA,NA,NA,NA,NA,NA,NA,NA,6,6,7,6,6,6,6,6,7,6,NA,NA,NA,NA,NA,6,6,6,6,6,NA,NA,NA,NA,NA,6,7,6,2,6,NA,NA,NA,NA,NA,NA,NA,NA,NA,NA,6,6,6,6,6,NA,NA,NA,NA,NA,6,7,6,6,6,6,7,6,6,6,NA,NA,NA,NA,NA,NA,NA,NA,NA,NA,6,6,6,6,6
"4520380","29",2,"American","Caucasian",1,NA,NA,NA,NA,NA,5,5,5,4,5,6,6,6,2,5,NA,NA,NA,NA,NA,4,4,4,3,4,NA,NA,NA,NA,NA,5,5,5,5,5,NA,NA,NA,NA,NA,NA,NA,NA,NA,NA,5,5,5,2,5,NA,NA,NA,NA,NA,5,6,6,2,5,NA,NA,NA,NA,NA,4,5,4,3,4,4,5,4,3,5,NA,NA,NA,NA,NA,NA,NA,NA,NA,NA,5,5,5,2,5,5,5,5,2,5,NA,NA,NA,NA,NA,3,4,3,2,4,NA,NA,NA,NA,NA,NA,NA,NA,NA,NA,3,5,4,2,4
"6335150","57",1,"United States","Caucasian",3,NA,NA,NA,NA,NA,5,6,5,3,6,4,6,5,3,5,NA,NA,NA,NA,NA,NA,NA,NA,NA,NA,5,5,5,3,5,6,6,7,5,6,NA,NA,NA,NA,NA,6,6,6,4,6,NA,NA,NA,NA,NA,NA,NA,NA,NA,NA,5,5,6,4,5,NA,NA,NA,NA,NA,2,5,3,3,5,NA,NA,NA,NA,NA,3,5,3,3,6,4,5,4,3,5,NA,NA,NA,NA,NA,5,5,5,2,6,NA,NA,NA,NA,NA,3,5,4,2,5,NA,NA,NA,NA,NA,NA,NA,NA,NA,NA,2,5,4,4,5
"6592661","19",1,"United States of America","White",1,6,7,5,5,4,NA,NA,NA,NA,NA,NA,NA,NA,NA,NA,5,4,6,5,3,NA,NA,NA,NA,NA,4,5,6,6,4,4,4,5,6,5,NA,NA,NA,NA,NA,2,6,5,7,2,NA,NA,NA,NA,NA,NA,NA,NA,NA,NA,4,5,5,4,6,4,5,6,6,4,NA,NA,NA,NA,NA,4,3,4,6,6,NA,NA,NA,NA,NA,NA,NA,NA,NA,NA,5,7,6,6,7,NA,NA,NA,NA,NA,6,5,4,4,6,NA,NA,NA,NA,NA,5,6,6,5,7,4,3,4,4,5,NA,NA,NA,NA,NA
"4915940","32",1,"American USA","white",3,NA,NA,NA,NA,NA,4,5,5,4,4,6,6,7,5,6,NA,NA,NA,NA,NA,6,6,6,5,6,NA,NA,NA,NA,NA,2,6,6,4,6,NA,NA,NA,NA,NA,NA,NA,NA,NA,NA,6,4,5,3,4,NA,NA,NA,NA,NA,7,5,6,2,3,4,5,2,2,4,NA,NA,NA,NA,NA,5,5,3,2,4,NA,NA,NA,NA,NA,NA,NA,NA,NA,NA,2,6,6,3,2,5,5,3,3,5,NA,NA,NA,NA,NA,NA,NA,NA,NA,NA,4,7,3,3,7,NA,NA,NA,NA,NA,5,6,6,3,4
"5451244","32",2,"USA","Caucasian",3,NA,NA,NA,NA,NA,2,3,4,4,4,5,7,5,5,7,NA,NA,NA,NA,NA,NA,NA,NA,NA,NA,4,3,4,5,4,7,7,4,6,6,NA,NA,NA,NA,NA,NA,NA,NA,NA,NA,6,7,5,3,5,7,6,3,6,5,NA,NA,NA,NA,NA,6,4,4,5,5,NA,NA,NA,NA,NA,2,4,3,2,3,NA,NA,NA,NA,NA,NA,NA,NA,NA,NA,6,5,6,7,5,NA,NA,NA,NA,NA,5,6,6,4,5,NA,NA,NA,NA,NA,5,5,4,6,7,3,4,4,3,5,NA,NA,NA,NA,NA
"2757963","29",1,"American","HIspanic",3,5,4,4,3,4,NA,NA,NA,NA,NA,NA,NA,NA,NA,NA,6,5,5,4,5,6,6,6,6,5,NA,NA,NA,NA,NA,4,4,3,5,4,NA,NA,NA,NA,NA,NA,NA,NA,NA,NA,6,6,7,5,7,NA,NA,NA,NA,NA,3,3,4,2,4,NA,NA,NA,NA,NA,5,5,5,6,6,2,3,2,2,2,NA,NA,NA,NA,NA,1,2,3,2,3,NA,NA,NA,NA,NA,3,3,3,2,3,NA,NA,NA,NA,NA,NA,NA,NA,NA,NA,3,5,3,2,4,NA,NA,NA,NA,NA,2,3,1,1,2
"2435212","27",1,"USA","White",2,5,6,5,4,5,NA,NA,NA,NA,NA,NA,NA,NA,NA,NA,6,5,5,4,5,NA,NA,NA,NA,NA,5,6,5,4,5,4,6,5,4,6,NA,NA,NA,NA,NA,6,6,6,4,5,NA,NA,NA,NA,NA,NA,NA,NA,NA,NA,5,5,5,4,5,NA,NA,NA,NA,NA,2,5,5,4,5,NA,NA,NA,NA,NA,2,6,4,3,6,2,4,3,3,4,NA,NA,NA,NA,NA,NA,NA,NA,NA,NA,3,5,4,4,5,2,5,3,2,4,NA,NA,NA,NA,NA,2,5,3,3,4,NA,NA,NA,NA,NA
"8086226","30",2,"Usa","Black",2,7,7,7,7,7,NA,NA,NA,NA,NA,NA,NA,NA,NA,NA,7,7,7,7,7,7,4,4,6,5,NA,NA,NA,NA,NA,6,5,7,7,6,NA,NA,NA,NA,NA,NA,NA,NA,NA,NA,5,7,7,7,7,NA,NA,NA,NA,NA,6,4,3,6,2,NA,NA,NA,NA,NA,6,5,4,6,2,5,6,6,2,3,NA,NA,NA,NA,NA,NA,NA,NA,NA,NA,7,4,7,3,7,4,5,6,5,5,NA,NA,NA,NA,NA,4,6,2,4,3,NA,NA,NA,NA,NA,NA,NA,NA,NA,NA,4,2,5,6,6
"2275982","23",1,"USA","white",1,4,4,4,4,4,NA,NA,NA,NA,NA,NA,NA,NA,NA,NA,4,4,4,4,4,4,4,4,4,4,NA,NA,NA,NA,NA,4,4,4,4,4,NA,NA,NA,NA,NA,NA,NA,NA,NA,NA,4,4,4,4,4,NA,NA,NA,NA,NA,4,4,4,4,4,4,4,4,4,4,NA,NA,NA,NA,NA,NA,NA,NA,NA,NA,4,4,4,4,4,NA,NA,NA,NA,NA,4,4,4,4,4,4,4,4,4,4,NA,NA,NA,NA,NA,NA,NA,NA,NA,NA,4,4,4,4,4,4,4,4,4,4,NA,NA,NA,NA,NA
"4598653","23",2,"American","Jewish",2,NA,NA,NA,NA,NA,2,2,2,2,2,5,6,6,2,6,NA,NA,NA,NA,NA,NA,NA,NA,NA,NA,1,2,2,2,2,5,2,6,2,6,NA,NA,NA,NA,NA,5,6,6,2,6,NA,NA,NA,NA,NA,NA,NA,NA,NA,NA,5,2,2,1,5,2,2,1,1,3,NA,NA,NA,NA,NA,3,2,1,1,2,NA,NA,NA,NA,NA,NA,NA,NA,NA,NA,2,3,2,2,3,5,5,5,2,5,NA,NA,NA,NA,NA,NA,NA,NA,NA,NA,1,1,1,1,1,NA,NA,NA,NA,NA,2,1,2,2,2
"2499553","48",2,"American","white",3,NA,NA,NA,NA,NA,3,4,5,1,5,NA,NA,NA,NA,NA,3,3,5,1,5,7,6,6,1,6,NA,NA,NA,NA,NA,5,5,5,2,5,NA,NA,NA,NA,NA,6,5,5,2,6,NA,NA,NA,NA,NA,NA,NA,NA,NA,NA,5,4,4,2,5,NA,NA,NA,NA,NA,5,5,5,1,5,3,5,3,3,4,NA,NA,NA,NA,NA,5,5,5,5,5,NA,NA,NA,NA,NA,5,5,5,1,5,NA,NA,NA,NA,NA,NA,NA,NA,NA,NA,5,5,5,1,5,NA,NA,NA,NA,NA,4,4,4,1,5
"3174258","64",2,"American","Caucasian",5,NA,NA,NA,NA,NA,6,6,6,5,6,NA,NA,NA,NA,NA,7,7,7,6,7,6,6,6,4,6,NA,NA,NA,NA,NA,5,6,5,4,6,NA,NA,NA,NA,NA,6,6,7,6,6,NA,NA,NA,NA,NA,NA,NA,NA,NA,NA,7,7,7,6,6,NA,NA,NA,NA,NA,2,5,2,3,5,3,6,3,3,5,NA,NA,NA,NA,NA,5,6,6,5,5,NA,NA,NA,NA,NA,6,5,6,5,5,NA,NA,NA,NA,NA,NA,NA,NA,NA,NA,5,5,6,5,5,NA,NA,NA,NA,NA,5,6,6,5,6
"9665673","25",1,"american","white",1,4,5,4,4,5,NA,NA,NA,NA,NA,NA,NA,NA,NA,NA,5,5,4,4,5,NA,NA,NA,NA,NA,4,6,5,3,4,5,4,6,6,5,NA,NA,NA,NA,NA,6,5,6,4,4,NA,NA,NA,NA,NA,NA,NA,NA,NA,NA,6,6,6,5,6,NA,NA,NA,NA,NA,2,3,2,4,4,NA,NA,NA,NA,NA,2,5,3,3,4,4,6,4,5,5,NA,NA,NA,NA,NA,NA,NA,NA,NA,NA,5,6,4,4,6,2,4,3,2,3,NA,NA,NA,NA,NA,2,6,2,2,5,NA,NA,NA,NA,NA
"1321495","38",2,"usa","white",1,4,5,4,4,4,NA,NA,NA,NA,NA,NA,NA,NA,NA,NA,4,4,5,4,5,NA,NA,NA,NA,NA,4,4,5,4,4,4,4,4,4,4,NA,NA,NA,NA,NA,4,4,4,4,5,NA,NA,NA,NA,NA,NA,NA,NA,NA,NA,4,4,5,3,5,NA,NA,NA,NA,NA,4,5,3,4,4,4,4,3,4,4,NA,NA,NA,NA,NA,4,4,4,4,4,NA,NA,NA,NA,NA,4,4,3,4,4,NA,NA,NA,NA,NA,NA,NA,NA,NA,NA,4,4,4,4,4,NA,NA,NA,NA,NA,4,4,2,4,4
"1885900","31",1,"white","whitw",3,4,4,4,5,3,NA,NA,NA,NA,NA,NA,NA,NA,NA,NA,6,6,4,2,4,NA,NA,NA,NA,NA,4,3,3,6,3,5,6,3,3,3,NA,NA,NA,NA,NA,NA,NA,NA,NA,NA,6,4,5,3,5,2,6,3,5,5,NA,NA,NA,NA,NA,NA,NA,NA,NA,NA,4,6,2,5,4,NA,NA,NA,NA,NA,5,3,4,3,5,3,4,5,5,2,NA,NA,NA,NA,NA,3,3,5,3,5,NA,NA,NA,NA,NA,NA,NA,NA,NA,NA,6,4,4,5,4,3,4,3,5,5,NA,NA,NA,NA,NA
"2103773","24",1,"American","white",1,NA,NA,NA,NA,NA,4,4,4,4,3,NA,NA,NA,NA,NA,3,5,5,6,4,5,5,4,6,3,NA,NA,NA,NA,NA,6,4,4,4,5,NA,NA,NA,NA,NA,NA,NA,NA,NA,NA,7,2,4,6,5,6,6,7,4,6,NA,NA,NA,NA,NA,6,3,2,3,2,NA,NA,NA,NA,NA,NA,NA,NA,NA,NA,3,5,5,5,2,NA,NA,NA,NA,NA,5,6,4,6,6,NA,NA,NA,NA,NA,6,NA,6,6,7,5,4,6,4,1,NA,NA,NA,NA,NA,5,3,4,6,3,NA,NA,NA,NA,NA
"2095467","22",1,"American","Caucasian",1,NA,NA,NA,NA,NA,4,4,3,3,4,NA,NA,NA,NA,NA,5,5,5,4,4,5,4,5,3,4,NA,NA,NA,NA,NA,5,4,5,3,4,NA,NA,NA,NA,NA,5,4,5,3,5,NA,NA,NA,NA,NA,NA,NA,NA,NA,NA,2,3,2,2,4,1,4,2,3,4,NA,NA,NA,NA,NA,NA,NA,NA,NA,NA,2,4,2,3,5,NA,NA,NA,NA,NA,3,4,3,2,4,NA,NA,NA,NA,NA,4,4,4,2,4,2,3,2,2,4,NA,NA,NA,NA,NA,2,3,2,3,4,NA,NA,NA,NA,NA
"1549920","22",2,"USA","Asian/Chinese",1,3,5,5,3,5,NA,NA,NA,NA,NA,NA,NA,NA,NA,NA,5,5,7,5,6,NA,NA,NA,NA,NA,5,5,3,2,3,3,6,3,1,6,NA,NA,NA,NA,NA,NA,NA,NA,NA,NA,5,5,3,1,3,6,6,7,2,7,NA,NA,NA,NA,NA,NA,NA,NA,NA,NA,2,5,5,2,4,2,5,2,1,3,NA,NA,NA,NA,NA,4,5,4,1,4,NA,NA,NA,NA,NA,4,5,4,1,4,NA,NA,NA,NA,NA,NA,NA,NA,NA,NA,3,5,5,1,4,NA,NA,NA,NA,NA,1,3,2,1,2
"2998841","21",2,"American","Native American",1,NA,NA,NA,NA,NA,4,4,4,3,4,NA,NA,NA,NA,NA,6,4,4,5,3,NA,NA,NA,NA,NA,3,3,3,4,4,6,6,6,6,7,NA,NA,NA,NA,NA,6,6,6,1,7,NA,NA,NA,NA,NA,7,7,5,3,6,NA,NA,NA,NA,NA,7,7,7,4,6,NA,NA,NA,NA,NA,NA,NA,NA,NA,NA,5,4,1,1,4,5,5,4,5,5,NA,NA,NA,NA,NA,5,4,3,4,5,NA,NA,NA,NA,NA,NA,NA,NA,NA,NA,1,2,1,2,2,NA,NA,NA,NA,NA,1,2,2,2,3
"6950339","25",1,"American","Caucasian",2,3,7,5,3,5,NA,NA,NA,NA,NA,NA,NA,NA,NA,NA,4,6,2,5,5,NA,NA,NA,NA,NA,2,5,3,3,5,5,7,6,2,6,NA,NA,NA,NA,NA,NA,NA,NA,NA,NA,6,7,6,4,4,5,4,6,2,6,NA,NA,NA,NA,NA,2,4,4,1,3,NA,NA,NA,NA,NA,NA,NA,NA,NA,NA,2,6,1,1,3,NA,NA,NA,NA,NA,3,6,3,2,4,NA,NA,NA,NA,NA,3,5,1,1,2,2,5,2,1,3,NA,NA,NA,NA,NA,2,4,2,3,5,NA,NA,NA,NA,NA
"9696664","31",2,"white","white",2,4,3,2,2,5,NA,NA,NA,NA,NA,NA,NA,NA,NA,NA,6,6,6,3,6,NA,NA,NA,NA,NA,3,6,2,1,6,7,6,6,3,6,NA,NA,NA,NA,NA,7,5,5,2,5,NA,NA,NA,NA,NA,NA,NA,NA,NA,NA,6,6,6,3,6,1,5,4,4,2,NA,NA,NA,NA,NA,NA,NA,NA,NA,NA,5,6,7,3,6,NA,NA,NA,NA,NA,2,7,7,6,7,4,5,1,2,4,NA,NA,NA,NA,NA,NA,NA,NA,NA,NA,3,6,6,4,6,3,6,7,6,7,NA,NA,NA,NA,NA
"1496268","38",2,"USA","White",3,NA,NA,NA,NA,NA,1,5,6,3,5,NA,NA,NA,NA,NA,1,4,2,3,2,6,5,6,5,5,NA,NA,NA,NA,NA,2,3,5,2,5,NA,NA,NA,NA,NA,NA,NA,NA,NA,NA,6,6,6,6,6,4,4,2,1,3,NA,NA,NA,NA,NA,NA,NA,NA,NA,NA,3,5,5,5,5,1,5,5,1,5,NA,NA,NA,NA,NA,4,5,3,5,5,NA,NA,NA,NA,NA,7,7,7,7,7,NA,NA,NA,NA,NA,NA,NA,NA,NA,NA,5,5,6,6,6,NA,NA,NA,NA,NA,1,3,5,5,5
"201824","46",2,"American","Black",4,6,6,6,2,6,NA,NA,NA,NA,NA,NA,NA,NA,NA,NA,3,6,6,1,6,NA,NA,NA,NA,NA,7,6,6,1,5,7,7,7,2,7,NA,NA,NA,NA,NA,NA,NA,NA,NA,NA,6,6,7,2,6,7,6,7,2,6,NA,NA,NA,NA,NA,2,5,4,2,6,NA,NA,NA,NA,NA,NA,NA,NA,NA,NA,1,5,5,1,5,1,6,6,4,6,NA,NA,NA,NA,NA,NA,NA,NA,NA,NA,4,6,6,1,6,NA,NA,NA,NA,NA,1,6,5,1,4,1,5,4,1,4,NA,NA,NA,NA,NA
"6998931","54",1,"United States","Caucasian",5,NA,NA,NA,NA,NA,5,6,6,5,6,NA,NA,NA,NA,NA,5,5,5,5,5,NA,NA,NA,NA,NA,6,5,4,6,4,3,7,4,2,5,NA,NA,NA,NA,NA,7,7,7,6,7,NA,NA,NA,NA,NA,5,5,6,6,4,NA,NA,NA,NA,NA,NA,NA,NA,NA,NA,4,7,4,2,5,1,6,2,1,5,NA,NA,NA,NA,NA,5,7,5,4,6,NA,NA,NA,NA,NA,4,6,5,3,6,NA,NA,NA,NA,NA,NA,NA,NA,NA,NA,2,5,3,1,4,NA,NA,NA,NA,NA,2,7,3,1,6
"4443433","30",2,"American","White",1,7,7,5,2,7,NA,NA,NA,NA,NA,NA,NA,NA,NA,NA,5,6,5,3,5,NA,NA,NA,NA,NA,3,6,4,1,6,7,6,7,5,6,NA,NA,NA,NA,NA,NA,NA,NA,NA,NA,7,6,5,2,6,6,6,4,1,6,NA,NA,NA,NA,NA,NA,NA,NA,NA,NA,4,5,4,1,5,3,6,1,1,7,NA,NA,NA,NA,NA,NA,NA,NA,NA,NA,4,6,3,2,6,NA,NA,NA,NA,NA,6,6,5,1,6,3,6,2,1,5,NA,NA,NA,NA,NA,1,4,1,1,5,NA,NA,NA,NA,NA
"3947197","20",1,"us","white",2,NA,NA,NA,NA,NA,5,5,5,3,5,3,5,4,1,4,NA,NA,NA,NA,NA,4,5,5,1,4,NA,NA,NA,NA,NA,3,3,3,4,3,NA,NA,NA,NA,NA,NA,NA,NA,NA,NA,5,4,5,2,3,NA,NA,NA,NA,NA,5,3,4,1,4,2,4,3,2,4,NA,NA,NA,NA,NA,NA,NA,NA,NA,NA,4,4,2,5,4,2,6,6,3,5,NA,NA,NA,NA,NA,NA,NA,NA,NA,NA,3,5,3,1,5,2,5,3,2,3,NA,NA,NA,NA,NA,NA,NA,NA,NA,NA,2,6,3,1,4
"5547114","28",1,"American","Hispanic",3,6,6,5,5,6,NA,NA,NA,NA,NA,NA,NA,NA,NA,NA,1,1,1,1,1,NA,NA,NA,NA,NA,2,1,2,1,2,7,6,7,7,7,NA,NA,NA,NA,NA,NA,NA,NA,NA,NA,2,2,3,3,3,7,7,6,6,7,NA,NA,NA,NA,NA,NA,NA,NA,NA,NA,3,3,3,2,3,NA,NA,NA,NA,NA,1,2,2,2,2,5,5,6,7,6,NA,NA,NA,NA,NA,7,6,6,6,5,NA,NA,NA,NA,NA,4,4,3,4,3,NA,NA,NA,NA,NA,NA,NA,NA,NA,NA,2,2,1,2,2
"3017615","68",2,"American","Caucasian",1,5,7,7,5,6,NA,NA,NA,NA,NA,NA,NA,NA,NA,NA,3,5,6,5,4,NA,NA,NA,NA,NA,5,7,7,4,6,5,7,7,6,6,NA,NA,NA,NA,NA,4,5,7,3,5,NA,NA,NA,NA,NA,NA,NA,NA,NA,NA,5,6,7,4,6,NA,NA,NA,NA,NA,4,6,6,6,5,2,5,4,2,4,NA,NA,NA,NA,NA,2,6,6,4,4,NA,NA,NA,NA,NA,3,7,6,6,5,NA,NA,NA,NA,NA,NA,NA,NA,NA,NA,2,4,2,2,4,NA,NA,NA,NA,NA,3,5,4,2,4
"2623763","20",1,"American","White",1,NA,NA,NA,NA,NA,5,4,5,5,4,NA,NA,NA,NA,NA,3,5,3,4,3,4,4,3,3,5,NA,NA,NA,NA,NA,4,5,2,2,5,NA,NA,NA,NA,NA,NA,NA,NA,NA,NA,5,4,5,4,4,6,5,5,4,6,NA,NA,NA,NA,NA,2,4,4,3,4,NA,NA,NA,NA,NA,3,5,3,2,4,NA,NA,NA,NA,NA,NA,NA,NA,NA,NA,2,4,5,4,5,NA,NA,NA,NA,NA,6,5,5,3,5,2,5,3,2,4,NA,NA,NA,NA,NA,NA,NA,NA,NA,NA,1,3,2,2,4
"4751786","26",1,"USA","White",2,NA,NA,NA,NA,NA,6,5,5,2,6,NA,NA,NA,NA,NA,4,4,2,5,3,NA,NA,NA,NA,NA,4,5,5,1,2,3,4,3,2,5,NA,NA,NA,NA,NA,6,5,7,5,6,NA,NA,NA,NA,NA,6,5,6,3,5,NA,NA,NA,NA,NA,2,4,2,2,3,NA,NA,NA,NA,NA,1,2,1,1,2,NA,NA,NA,NA,NA,3,5,5,6,4,NA,NA,NA,NA,NA,NA,NA,NA,NA,NA,5,6,5,3,6,NA,NA,NA,NA,NA,2,4,1,2,3,NA,NA,NA,NA,NA,2,4,1,1,2
"3722992","25",1,"usa","white",2,5,4,4,5,3,NA,NA,NA,NA,NA,NA,NA,NA,NA,NA,3,3,3,4,5,NA,NA,NA,NA,NA,4,4,4,4,5,3,4,4,5,4,NA,NA,NA,NA,NA,4,5,5,3,4,NA,NA,NA,NA,NA,NA,NA,NA,NA,NA,3,4,5,4,5,5,4,4,3,4,NA,NA,NA,NA,NA,NA,NA,NA,NA,NA,5,5,3,4,5,4,4,3,4,4,NA,NA,NA,NA,NA,NA,NA,NA,NA,NA,3,4,4,5,3,5,4,5,4,3,NA,NA,NA,NA,NA,NA,NA,NA,NA,NA,5,6,4,3,3
"5027832","35",2,"USA","white",3,NA,NA,NA,NA,NA,5,2,2,2,4,4,4,4,4,4,NA,NA,NA,NA,NA,NA,NA,NA,NA,NA,6,6,6,5,6,6,6,6,6,6,NA,NA,NA,NA,NA,6,6,6,6,6,NA,NA,NA,NA,NA,NA,NA,NA,NA,NA,5,5,5,5,5,NA,NA,NA,NA,NA,3,3,3,3,3,2,5,4,2,4,NA,NA,NA,NA,NA,NA,NA,NA,NA,NA,4,4,4,4,4,3,5,3,3,3,NA,NA,NA,NA,NA,3,3,3,3,3,NA,NA,NA,NA,NA,NA,NA,NA,NA,NA,2,2,2,2,2
"6094563","29",1,"American","White",2,NA,NA,NA,NA,NA,5,4,5,2,3,5,6,5,2,5,NA,NA,NA,NA,NA,5,6,5,3,6,NA,NA,NA,NA,NA,5,6,5,4,5,NA,NA,NA,NA,NA,NA,NA,NA,NA,NA,5,5,6,2,4,NA,NA,NA,NA,NA,5,4,5,2,3,4,4,4,3,4,NA,NA,NA,NA,NA,2,4,2,1,3,NA,NA,NA,NA,NA,NA,NA,NA,NA,NA,4,6,4,2,6,3,5,2,2,5,NA,NA,NA,NA,NA,NA,NA,NA,NA,NA,3,6,3,2,6,NA,NA,NA,NA,NA,2,6,2,3,5
"9204114","24",2,"United States","White",1,6,4,4,4,4,NA,NA,NA,NA,NA,4,4,4,4,4,NA,NA,NA,NA,NA,NA,NA,NA,NA,NA,5,4,4,4,4,5,4,5,4,4,NA,NA,NA,NA,NA,NA,NA,NA,NA,NA,4,4,4,4,4,NA,NA,NA,NA,NA,5,4,4,4,4,2,4,3,4,4,NA,NA,NA,NA,NA,2,4,3,4,4,NA,NA,NA,NA,NA,NA,NA,NA,NA,NA,2,4,3,4,4,NA,NA,NA,NA,NA,3,4,3,4,4,NA,NA,NA,NA,NA,4,4,4,4,4,4,4,4,4,4,NA,NA,NA,NA,NA
"1285728","37",2,"american","black",3,NA,NA,NA,NA,NA,5,6,5,6,7,7,7,7,7,7,NA,NA,NA,NA,NA,7,7,7,5,7,NA,NA,NA,NA,NA,7,7,7,2,6,NA,NA,NA,NA,NA,NA,NA,NA,NA,NA,6,6,6,3,6,NA,NA,NA,NA,NA,4,4,4,4,4,NA,NA,NA,NA,NA,2,5,5,2,5,NA,NA,NA,NA,NA,4,4,4,4,4,2,4,2,2,4,NA,NA,NA,NA,NA,4,5,4,1,5,NA,NA,NA,NA,NA,3,4,2,4,4,NA,NA,NA,NA,NA,NA,NA,NA,NA,NA,2,4,2,1,2
"3972370","28",1,"USA","White",3,3,5,4,3,5,NA,NA,NA,NA,NA,NA,NA,NA,NA,NA,4,3,5,2,2,NA,NA,NA,NA,NA,5,4,4,3,5,4,4,7,4,5,NA,NA,NA,NA,NA,NA,NA,NA,NA,NA,6,4,5,2,4,6,4,6,5,3,NA,NA,NA,NA,NA,NA,NA,NA,NA,NA,5,3,5,4,5,3,6,2,1,5,NA,NA,NA,NA,NA,NA,NA,NA,NA,NA,3,5,4,4,5,4,3,2,2,3,NA,NA,NA,NA,NA,NA,NA,NA,NA,NA,1,4,3,2,4,3,5,3,3,5,NA,NA,NA,NA,NA
"3980850","38",2,"USA","Caucasian",1,4,5,5,4,5,NA,NA,NA,NA,NA,NA,NA,NA,NA,NA,4,4,6,4,5,3,5,3,4,4,NA,NA,NA,NA,NA,4,5,4,4,4,NA,NA,NA,NA,NA,NA,NA,NA,NA,NA,4,5,4,4,4,NA,NA,NA,NA,NA,4,4,4,4,4,4,4,4,4,5,NA,NA,NA,NA,NA,4,4,4,4,4,NA,NA,NA,NA,NA,4,4,4,4,3,NA,NA,NA,NA,NA,NA,NA,NA,NA,NA,4,5,5,4,5,NA,NA,NA,NA,NA,4,5,4,4,4,NA,NA,NA,NA,NA,4,4,4,4,6
"3747235","26",2,"USA","white",4,5,5,5,3,5,NA,NA,NA,NA,NA,NA,NA,NA,NA,NA,4,4,4,3,4,4,5,5,3,4,NA,NA,NA,NA,NA,5,5,5,3,5,NA,NA,NA,NA,NA,NA,NA,NA,NA,NA,4,4,4,3,4,NA,NA,NA,NA,NA,4,5,5,3,5,4,4,4,3,4,NA,NA,NA,NA,NA,NA,NA,NA,NA,NA,4,4,4,3,4,NA,NA,NA,NA,NA,3,4,3,3,4,4,4,4,3,4,NA,NA,NA,NA,NA,4,4,4,3,4,NA,NA,NA,NA,NA,NA,NA,NA,NA,NA,4,4,4,3,4
"4727503","25",1,"American","White",1,6,5,3,3,4,NA,NA,NA,NA,NA,NA,NA,NA,NA,NA,6,5,5,4,5,NA,NA,NA,NA,NA,3,6,5,3,5,5,5,5,5,6,NA,NA,NA,NA,NA,NA,NA,NA,NA,NA,6,6,3,3,5,5,5,4,3,5,NA,NA,NA,NA,NA,3,5,6,6,5,NA,NA,NA,NA,NA,NA,NA,NA,NA,NA,2,6,7,3,6,5,6,7,4,6,NA,NA,NA,NA,NA,NA,NA,NA,NA,NA,3,4,4,3,4,NA,NA,NA,NA,NA,3,5,6,3,5,2,5,5,3,4,NA,NA,NA,NA,NA
"7768415","26",1,"USA","White",3,NA,NA,NA,NA,NA,5,6,5,4,4,5,6,5,5,5,NA,NA,NA,NA,NA,5,5,5,3,5,NA,NA,NA,NA,NA,NA,NA,NA,NA,NA,4,6,5,5,4,NA,NA,NA,NA,NA,5,4,5,5,6,5,5,4,5,6,NA,NA,NA,NA,NA,5,5,5,5,3,NA,NA,NA,NA,NA,NA,NA,NA,NA,NA,6,4,6,5,5,NA,NA,NA,NA,NA,4,5,3,5,5,NA,NA,NA,NA,NA,5,5,6,6,5,4,5,5,3,3,NA,NA,NA,NA,NA,6,3,5,7,4,NA,NA,NA,NA,NA
"6977209","28",1,"usa","white",1,NA,NA,NA,NA,NA,4,4,3,4,4,5,5,5,4,3,NA,NA,NA,NA,NA,4,5,3,4,5,NA,NA,NA,NA,NA,NA,NA,NA,NA,NA,5,5,4,5,5,NA,NA,NA,NA,NA,5,5,4,4,4,3,4,4,5,5,NA,NA,NA,NA,NA,6,6,4,4,6,NA,NA,NA,NA,NA,NA,NA,NA,NA,NA,6,4,5,6,4,NA,NA,NA,NA,NA,4,4,5,4,5,4,3,5,4,6,NA,NA,NA,NA,NA,NA,NA,NA,NA,NA,3,4,5,4,5,3,4,5,4,4,NA,NA,NA,NA,NA
"263878","31",1,"American","White",3,4,5,5,2,5,NA,NA,NA,NA,NA,NA,NA,NA,NA,NA,5,4,3,2,4,2,4,3,1,3,NA,NA,NA,NA,NA,NA,NA,NA,NA,NA,3,2,2,2,3,NA,NA,NA,NA,NA,5,5,5,3,5,5,5,5,3,5,NA,NA,NA,NA,NA,NA,NA,NA,NA,NA,2,3,5,5,4,NA,NA,NA,NA,NA,3,5,3,1,5,NA,NA,NA,NA,NA,4,5,5,5,5,3,5,4,5,5,NA,NA,NA,NA,NA,3,4,2,1,4,NA,NA,NA,NA,NA,2,4,2,4,3,NA,NA,NA,NA,NA
"563933","29",2,"American","White",4,4,6,4,3,6,NA,NA,NA,NA,NA,NA,NA,NA,NA,NA,3,6,4,4,5,5,6,6,3,6,NA,NA,NA,NA,NA,NA,NA,NA,NA,NA,3,6,4,2,5,6,7,6,5,6,NA,NA,NA,NA,NA,NA,NA,NA,NA,NA,6,3,6,3,3,NA,NA,NA,NA,NA,2,6,4,2,4,3,5,2,2,3,NA,NA,NA,NA,NA,NA,NA,NA,NA,NA,5,7,5,4,4,3,5,3,2,5,NA,NA,NA,NA,NA,1,3,1,1,3,NA,NA,NA,NA,NA,NA,NA,NA,NA,NA,2,5,3,2,4
"4004405","34",1,"American","White",2,NA,NA,NA,NA,NA,6,5,5,3,6,1,5,7,5,5,NA,NA,NA,NA,NA,3,4,3,3,4,NA,NA,NA,NA,NA,NA,NA,NA,NA,NA,2,6,5,4,5,6,5,3,4,5,NA,NA,NA,NA,NA,NA,NA,NA,NA,NA,6,4,4,2,4,2,6,4,4,5,NA,NA,NA,NA,NA,1,7,3,2,5,NA,NA,NA,NA,NA,NA,NA,NA,NA,NA,2,6,5,5,5,NA,NA,NA,NA,NA,2,3,5,1,3,1,4,1,1,3,NA,NA,NA,NA,NA,NA,NA,NA,NA,NA,3,5,4,4,5
"3276120","28",2,"USA","Caucasian",2,4,6,5,4,5,NA,NA,NA,NA,NA,NA,NA,NA,NA,NA,5,5,3,2,5,NA,NA,NA,NA,NA,3,4,6,2,4,NA,NA,NA,NA,NA,4,5,4,5,5,5,5,6,4,5,NA,NA,NA,NA,NA,5,6,6,3,5,NA,NA,NA,NA,NA,3,5,3,4,4,NA,NA,NA,NA,NA,NA,NA,NA,NA,NA,2,6,4,2,6,5,5,3,6,6,NA,NA,NA,NA,NA,NA,NA,NA,NA,NA,6,6,5,3,6,3,5,2,2,3,NA,NA,NA,NA,NA,NA,NA,NA,NA,NA,2,5,3,2,3
"7954512","23",2,"American","White",2,2,6,5,1,6,NA,NA,NA,NA,NA,4,4,5,3,4,NA,NA,NA,NA,NA,NA,NA,NA,NA,NA,1,2,2,1,2,NA,NA,NA,NA,NA,1,3,4,3,3,6,6,6,2,5,NA,NA,NA,NA,NA,NA,NA,NA,NA,NA,3,4,2,2,4,6,5,7,6,4,NA,NA,NA,NA,NA,1,5,1,1,4,NA,NA,NA,NA,NA,NA,NA,NA,NA,NA,5,6,6,2,6,NA,NA,NA,NA,NA,3,5,5,1,5,1,2,1,1,3,NA,NA,NA,NA,NA,NA,NA,NA,NA,NA,3,5,4,2,5
"4036846","30",1,"USA","White",1,5,4,5,3,5,NA,NA,NA,NA,NA,NA,NA,NA,NA,NA,4,3,2,3,5,5,7,6,3,7,NA,NA,NA,NA,NA,NA,NA,NA,NA,NA,2,3,2,3,4,NA,NA,NA,NA,NA,5,5,3,3,5,5,7,5,4,7,NA,NA,NA,NA,NA,2,4,2,1,4,NA,NA,NA,NA,NA,NA,NA,NA,NA,NA,2,4,2,2,4,3,4,2,2,4,NA,NA,NA,NA,NA,3,4,2,1,4,NA,NA,NA,NA,NA,NA,NA,NA,NA,NA,3,4,2,2,4,NA,NA,NA,NA,NA,2,5,3,2,6
"1404186","32",1,"indian","asian",3,5,6,6,5,5,NA,NA,NA,NA,NA,5,4,5,5,5,NA,NA,NA,NA,NA,5,4,6,5,6,NA,NA,NA,NA,NA,NA,NA,NA,NA,NA,5,5,4,4,4,NA,NA,NA,NA,NA,5,5,5,6,5,NA,NA,NA,NA,NA,5,6,6,6,5,NA,NA,NA,NA,NA,6,5,5,4,5,NA,NA,NA,NA,NA,5,6,5,5,6,5,4,6,5,5,NA,NA,NA,NA,NA,4,4,5,5,5,NA,NA,NA,NA,NA,NA,NA,NA,NA,NA,6,6,5,4,4,5,6,4,6,6,NA,NA,NA,NA,NA
"6220726","23",1,"American","White",1,5,5,4,3,3,NA,NA,NA,NA,NA,6,6,5,6,6,NA,NA,NA,NA,NA,NA,NA,NA,NA,NA,6,5,5,6,4,NA,NA,NA,NA,NA,3,4,4,3,6,NA,NA,NA,NA,NA,6,3,6,5,5,6,6,5,5,7,NA,NA,NA,NA,NA,NA,NA,NA,NA,NA,3,4,3,3,3,3,5,5,4,6,NA,NA,NA,NA,NA,4,4,6,7,5,NA,NA,NA,NA,NA,NA,NA,NA,NA,NA,5,4,3,6,4,NA,NA,NA,NA,NA,5,5,5,5,6,4,4,5,5,4,NA,NA,NA,NA,NA
"7639413","35",2,"American","white",3,NA,NA,NA,NA,NA,3,4,3,2,4,5,5,5,4,5,NA,NA,NA,NA,NA,3,4,3,2,4,NA,NA,NA,NA,NA,NA,NA,NA,NA,NA,3,3,3,3,3,4,4,4,3,4,NA,NA,NA,NA,NA,NA,NA,NA,NA,NA,3,4,4,3,3,4,4,4,3,4,NA,NA,NA,NA,NA,NA,NA,NA,NA,NA,2,3,2,2,3,NA,NA,NA,NA,NA,4,4,3,3,4,NA,NA,NA,NA,NA,3,3,3,2,3,3,4,3,2,4,NA,NA,NA,NA,NA,4,4,4,4,4,NA,NA,NA,NA,NA
"5522501","26",2,"American","Caucasian",2,4,7,6,3,7,NA,NA,NA,NA,NA,NA,NA,NA,NA,NA,6,5,6,3,5,5,4,4,2,4,NA,NA,NA,NA,NA,NA,NA,NA,NA,NA,4,4,5,3,3,6,6,6,2,5,NA,NA,NA,NA,NA,NA,NA,NA,NA,NA,5,5,5,3,4,5,4,5,6,3,NA,NA,NA,NA,NA,NA,NA,NA,NA,NA,2,5,3,2,5,3,5,6,4,5,NA,NA,NA,NA,NA,NA,NA,NA,NA,NA,7,6,7,5,6,3,5,4,3,3,NA,NA,NA,NA,NA,NA,NA,NA,NA,NA,3,4,5,4,3
"4597567","20",1,"American","White",1,5,6,6,5,6,NA,NA,NA,NA,NA,NA,NA,NA,NA,NA,4,4,4,3,4,NA,NA,NA,NA,NA,1,6,7,7,6,NA,NA,NA,NA,NA,5,4,3,3,5,7,6,7,6,7,NA,NA,NA,NA,NA,7,7,7,4,7,NA,NA,NA,NA,NA,2,5,4,5,4,NA,NA,NA,NA,NA,NA,NA,NA,NA,NA,1,5,5,5,5,NA,NA,NA,NA,NA,3,6,5,6,6,4,4,5,3,5,NA,NA,NA,NA,NA,5,4,3,2,4,NA,NA,NA,NA,NA,NA,NA,NA,NA,NA,2,4,4,3,5
"7905132","23",1,"American","White",1,NA,NA,NA,NA,NA,4,5,5,4,5,5,6,5,5,5,NA,NA,NA,NA,NA,NA,NA,NA,NA,NA,4,5,4,3,4,NA,NA,NA,NA,NA,5,5,4,4,4,5,5,6,4,5,NA,NA,NA,NA,NA,5,5,3,3,5,NA,NA,NA,NA,NA,2,5,4,4,4,NA,NA,NA,NA,NA,3,5,3,2,4,NA,NA,NA,NA,NA,NA,NA,NA,NA,NA,4,5,5,5,5,5,5,5,4,6,NA,NA,NA,NA,NA,NA,NA,NA,NA,NA,3,5,3,3,5,NA,NA,NA,NA,NA,2,5,3,3,4
"1280266","59",1,"American","White",4,NA,NA,NA,NA,NA,5,3,5,2,3,5,5,5,3,5,NA,NA,NA,NA,NA,3,7,7,1,7,NA,NA,NA,NA,NA,NA,NA,NA,NA,NA,5,3,3,3,3,7,7,6,5,7,NA,NA,NA,NA,NA,NA,NA,NA,NA,NA,7,6,6,3,5,1,3,1,2,3,NA,NA,NA,NA,NA,NA,NA,NA,NA,NA,3,6,7,1,7,NA,NA,NA,NA,NA,3,3,3,1,2,6,5,6,2,5,NA,NA,NA,NA,NA,NA,NA,NA,NA,NA,5,3,3,1,3,2,3,2,6,3,NA,NA,NA,NA,NA
"5442697","24",1,"USA","Caucasian",2,NA,NA,NA,NA,NA,7,5,5,6,5,6,5,5,6,6,NA,NA,NA,NA,NA,6,6,5,3,5,NA,NA,NA,NA,NA,NA,NA,NA,NA,NA,6,6,6,6,6,NA,NA,NA,NA,NA,7,6,6,5,5,7,6,7,6,6,NA,NA,NA,NA,NA,4,5,6,2,6,NA,NA,NA,NA,NA,NA,NA,NA,NA,NA,3,2,3,3,5,6,6,6,5,6,NA,NA,NA,NA,NA,NA,NA,NA,NA,NA,6,6,6,5,5,NA,NA,NA,NA,NA,4,5,5,5,6,3,7,3,3,5,NA,NA,NA,NA,NA
"9048056","42",1,"USA","white",2,5,5,5,5,5,NA,NA,NA,NA,NA,6,6,6,6,2,NA,NA,NA,NA,NA,5,5,5,4,6,NA,NA,NA,NA,NA,NA,NA,NA,NA,NA,6,5,5,5,5,NA,NA,NA,NA,NA,5,5,3,4,5,NA,NA,NA,NA,NA,6,6,6,6,6,2,3,4,4,3,NA,NA,NA,NA,NA,NA,NA,NA,NA,NA,2,2,2,2,5,2,4,4,4,3,NA,NA,NA,NA,NA,NA,NA,NA,NA,NA,7,6,5,6,6,6,5,5,4,6,NA,NA,NA,NA,NA,NA,NA,NA,NA,NA,5,4,5,5,5
"8911376","52",2,"american","caucasian",3,NA,NA,NA,NA,NA,6,7,5,4,6,5,7,5,3,6,NA,NA,NA,NA,NA,7,7,7,6,7,NA,NA,NA,NA,NA,NA,NA,NA,NA,NA,7,5,5,4,5,NA,NA,NA,NA,NA,6,6,6,4,7,7,7,6,7,7,NA,NA,NA,NA,NA,NA,NA,NA,NA,NA,5,7,7,7,7,7,5,7,6,6,NA,NA,NA,NA,NA,7,6,7,5,7,NA,NA,NA,NA,NA,6,5,5,3,6,NA,NA,NA,NA,NA,NA,NA,NA,NA,NA,6,5,6,4,6,NA,NA,NA,NA,NA,5,5,5,6,6
"2489600","33",1,"us","white",1,NA,NA,NA,NA,NA,5,5,5,5,5,4,3,3,3,3,NA,NA,NA,NA,NA,4,4,4,3,4,NA,NA,NA,NA,NA,NA,NA,NA,NA,NA,5,4,5,4,5,5,5,4,4,4,NA,NA,NA,NA,NA,NA,NA,NA,NA,NA,5,5,5,5,5,5,5,4,4,5,NA,NA,NA,NA,NA,5,5,5,5,5,NA,NA,NA,NA,NA,3,3,3,3,3,NA,NA,NA,NA,NA,NA,NA,NA,NA,NA,5,5,5,5,5,NA,NA,NA,NA,NA,4,4,3,4,4,NA,NA,NA,NA,NA,4,4,5,5,5
"6455300","41",2,"American","white",3,NA,NA,NA,NA,NA,3,6,5,4,5,5,6,6,1,6,NA,NA,NA,NA,NA,6,7,6,3,6,NA,NA,NA,NA,NA,NA,NA,NA,NA,NA,5,6,6,2,5,NA,NA,NA,NA,NA,7,7,5,4,6,7,7,6,4,6,NA,NA,NA,NA,NA,NA,NA,NA,NA,NA,1,6,2,1,5,NA,NA,NA,NA,NA,1,5,1,1,4,3,6,2,2,4,NA,NA,NA,NA,NA,NA,NA,NA,NA,NA,4,6,5,2,5,1,5,2,2,3,NA,NA,NA,NA,NA,2,5,2,1,2,NA,NA,NA,NA,NA
"3254833","32",2,"american","caucasian",2,4,4,4,2,5,NA,NA,NA,NA,NA,NA,NA,NA,NA,NA,5,5,6,4,4,4,4,5,4,4,NA,NA,NA,NA,NA,NA,NA,NA,NA,NA,6,5,4,4,4,4,4,4,3,5,NA,NA,NA,NA,NA,NA,NA,NA,NA,NA,4,4,4,4,4,5,6,5,4,4,NA,NA,NA,NA,NA,4,4,4,4,4,NA,NA,NA,NA,NA,NA,NA,NA,NA,NA,3,4,3,2,4,5,5,5,3,4,NA,NA,NA,NA,NA,NA,NA,NA,NA,NA,2,2,4,2,2,NA,NA,NA,NA,NA,2,4,3,2,2
"4540929","29",2,"American","White",2,NA,NA,NA,NA,NA,3,5,3,2,4,4,5,5,2,5,NA,NA,NA,NA,NA,5,5,6,4,5,NA,NA,NA,NA,NA,NA,NA,NA,NA,NA,5,4,3,4,5,6,6,5,2,5,NA,NA,NA,NA,NA,NA,NA,NA,NA,NA,3,4,3,2,4,1,2,1,1,1,NA,NA,NA,NA,NA,1,5,2,1,2,NA,NA,NA,NA,NA,NA,NA,NA,NA,NA,2,5,3,2,4,NA,NA,NA,NA,NA,3,3,2,2,2,1,4,1,1,3,NA,NA,NA,NA,NA,NA,NA,NA,NA,NA,2,5,3,3,3
"146827","32",2,"American","White",3,NA,NA,NA,NA,NA,5,5,6,5,5,4,5,5,2,5,NA,NA,NA,NA,NA,NA,NA,NA,NA,NA,5,5,5,4,5,NA,NA,NA,NA,NA,5,5,5,4,5,6,6,6,3,6,NA,NA,NA,NA,NA,6,6,6,4,6,NA,NA,NA,NA,NA,NA,NA,NA,NA,NA,3,5,4,4,5,NA,NA,NA,NA,NA,2,6,3,2,5,3,5,3,4,5,NA,NA,NA,NA,NA,NA,NA,NA,NA,NA,4,6,4,3,6,2,5,3,2,5,NA,NA,NA,NA,NA,1,5,1,1,4,NA,NA,NA,NA,NA
"7120347","46",1,"American","White",1,6,7,7,4,7,NA,NA,NA,NA,NA,7,6,7,5,6,NA,NA,NA,NA,NA,NA,NA,NA,NA,NA,4,4,3,3,3,NA,NA,NA,NA,NA,4,5,3,4,5,NA,NA,NA,NA,NA,7,6,2,6,6,6,7,6,3,7,NA,NA,NA,NA,NA,2,5,3,4,5,NA,NA,NA,NA,NA,3,6,4,2,6,NA,NA,NA,NA,NA,NA,NA,NA,NA,NA,5,5,5,4,5,NA,NA,NA,NA,NA,7,6,6,5,6,4,6,2,2,6,NA,NA,NA,NA,NA,NA,NA,NA,NA,NA,4,6,4,3,5
"6172275","26",2,"American","caucasian",3,NA,NA,NA,NA,NA,4,4,4,3,4,6,5,5,5,5,NA,NA,NA,NA,NA,6,5,5,4,5,NA,NA,NA,NA,NA,NA,NA,NA,NA,NA,3,5,3,3,5,6,5,6,4,6,NA,NA,NA,NA,NA,NA,NA,NA,NA,NA,5,5,5,5,5,NA,NA,NA,NA,NA,5,6,5,3,6,4,6,5,4,6,NA,NA,NA,NA,NA,NA,NA,NA,NA,NA,4,5,5,5,5,5,5,5,5,5,NA,NA,NA,NA,NA,4,5,4,4,5,NA,NA,NA,NA,NA,NA,NA,NA,NA,NA,2,4,2,3,4
"5511592","31",2,"american","caucasion",2,NA,NA,NA,NA,NA,6,6,6,4,6,7,7,7,5,7,NA,NA,NA,NA,NA,7,7,7,5,7,NA,NA,NA,NA,NA,NA,NA,NA,NA,NA,4,4,4,4,4,NA,NA,NA,NA,NA,6,6,6,6,6,5,5,5,3,5,NA,NA,NA,NA,NA,NA,NA,NA,NA,NA,3,4,3,3,3,2,5,2,2,5,NA,NA,NA,NA,NA,3,6,6,6,6,NA,NA,NA,NA,NA,4,4,4,3,4,NA,NA,NA,NA,NA,NA,NA,NA,NA,NA,4,5,4,1,4,NA,NA,NA,NA,NA,2,5,3,3,4
"1149847","33",2,"American","Biracial",3,6,6,6,3,6,NA,NA,NA,NA,NA,NA,NA,NA,NA,NA,5,5,5,6,4,NA,NA,NA,NA,NA,3,5,3,4,4,NA,NA,NA,NA,NA,3,4,2,4,3,7,6,6,5,6,NA,NA,NA,NA,NA,6,6,5,4,5,NA,NA,NA,NA,NA,3,5,4,5,5,NA,NA,NA,NA,NA,3,6,2,3,4,NA,NA,NA,NA,NA,NA,NA,NA,NA,NA,3,7,6,5,6,NA,NA,NA,NA,NA,5,6,5,6,6,2,7,3,6,7,NA,NA,NA,NA,NA,NA,NA,NA,NA,NA,5,5,4,3,5
"1584129","34",2,"american","white",3,NA,NA,NA,NA,NA,4,3,3,2,3,4,6,5,4,6,NA,NA,NA,NA,NA,4,7,2,3,7,NA,NA,NA,NA,NA,NA,NA,NA,NA,NA,2,3,1,3,3,NA,NA,NA,NA,NA,5,3,6,4,3,7,7,6,5,7,NA,NA,NA,NA,NA,NA,NA,NA,NA,NA,1,6,3,3,6,NA,NA,NA,NA,NA,1,6,2,1,6,1,4,2,1,4,NA,NA,NA,NA,NA,3,4,4,2,3,NA,NA,NA,NA,NA,NA,NA,NA,NA,NA,1,6,3,1,6,1,3,1,1,3,NA,NA,NA,NA,NA
"1663753","26",2,"USA","Caucasian",2,NA,NA,NA,NA,NA,5,4,4,4,5,6,5,6,4,5,NA,NA,NA,NA,NA,4,5,5,4,4,NA,NA,NA,NA,NA,NA,NA,NA,NA,NA,3,5,4,4,5,6,6,5,4,5,NA,NA,NA,NA,NA,NA,NA,NA,NA,NA,6,5,5,4,6,NA,NA,NA,NA,NA,3,4,4,4,5,3,5,3,4,5,NA,NA,NA,NA,NA,3,5,4,4,5,NA,NA,NA,NA,NA,3,5,3,4,5,NA,NA,NA,NA,NA,NA,NA,NA,NA,NA,5,6,5,4,5,NA,NA,NA,NA,NA,3,5,4,4,5
"7742678","25",1,"American","White",1,3,4,3,4,5,NA,NA,NA,NA,NA,3,1,5,5,4,NA,NA,NA,NA,NA,NA,NA,NA,NA,NA,6,3,3,2,2,NA,NA,NA,NA,NA,2,2,1,2,2,7,1,4,1,1,NA,NA,NA,NA,NA,NA,NA,NA,NA,NA,7,2,7,1,1,5,2,5,4,3,NA,NA,NA,NA,NA,1,7,4,2,5,NA,NA,NA,NA,NA,NA,NA,NA,NA,NA,4,1,1,5,1,6,5,6,5,4,NA,NA,NA,NA,NA,NA,NA,NA,NA,NA,3,5,4,5,6,NA,NA,NA,NA,NA,2,4,2,2,5
"8623111","20",1,"United States","Asian",2,4,4,4,3,4,NA,NA,NA,NA,NA,1,1,1,1,1,NA,NA,NA,NA,NA,NA,NA,NA,NA,NA,5,2,6,5,2,NA,NA,NA,NA,NA,6,6,6,6,6,6,6,6,6,6,NA,NA,NA,NA,NA,NA,NA,NA,NA,NA,5,4,5,4,3,1,1,1,1,1,NA,NA,NA,NA,NA,NA,NA,NA,NA,NA,1,4,1,1,3,NA,NA,NA,NA,NA,5,5,5,5,5,3,3,3,3,4,NA,NA,NA,NA,NA,2,2,1,2,2,NA,NA,NA,NA,NA,NA,NA,NA,NA,NA,4,4,4,2,4
"110329","62",2,"USA","caucasian",5,3,4,3,2,3,NA,NA,NA,NA,NA,5,4,6,2,4,NA,NA,NA,NA,NA,4,4,5,2,4,NA,NA,NA,NA,NA,NA,NA,NA,NA,NA,2,3,2,2,2,NA,NA,NA,NA,NA,4,4,5,3,4,NA,NA,NA,NA,NA,5,4,6,4,4,2,4,3,2,3,NA,NA,NA,NA,NA,NA,NA,NA,NA,NA,2,4,2,2,3,2,3,3,2,3,NA,NA,NA,NA,NA,4,4,5,3,3,NA,NA,NA,NA,NA,NA,NA,NA,NA,NA,2,4,2,2,2,NA,NA,NA,NA,NA,3,4,5,3,2
"3060207","25",2,"United States","Hispanic/latino",3,7,7,7,5,6,NA,NA,NA,NA,NA,NA,NA,NA,NA,NA,5,5,6,6,4,7,7,7,7,7,NA,NA,NA,NA,NA,NA,NA,NA,NA,NA,1,5,1,2,4,7,6,7,3,6,NA,NA,NA,NA,NA,NA,NA,NA,NA,NA,7,7,7,6,6,NA,NA,NA,NA,NA,2,3,2,2,4,NA,NA,NA,NA,NA,4,4,4,2,6,NA,NA,NA,NA,NA,6,5,5,5,5,6,6,6,2,5,NA,NA,NA,NA,NA,1,3,1,1,3,NA,NA,NA,NA,NA,5,3,2,2,4,NA,NA,NA,NA,NA
"2501490","30",1,"American","White",2,5,4,3,1,3,NA,NA,NA,NA,NA,7,5,6,1,5,NA,NA,NA,NA,NA,NA,NA,NA,NA,NA,2,2,1,1,2,NA,NA,NA,NA,NA,3,1,2,1,1,NA,NA,NA,NA,NA,5,3,4,1,1,3,6,4,1,5,NA,NA,NA,NA,NA,NA,NA,NA,NA,NA,3,2,3,2,2,1,1,1,1,2,NA,NA,NA,NA,NA,NA,NA,NA,NA,NA,4,6,5,1,6,1,2,2,1,2,NA,NA,NA,NA,NA,1,4,1,2,4,NA,NA,NA,NA,NA,NA,NA,NA,NA,NA,1,5,4,3,5
"3008527","33",2,"American","White",3,NA,NA,NA,NA,NA,4,4,6,3,5,7,7,7,6,6,NA,NA,NA,NA,NA,7,6,6,6,6,NA,NA,NA,NA,NA,NA,NA,NA,NA,NA,7,5,6,7,6,NA,NA,NA,NA,NA,7,7,7,7,7,7,6,7,7,5,NA,NA,NA,NA,NA,6,6,5,4,5,NA,NA,NA,NA,NA,NA,NA,NA,NA,NA,2,2,4,3,3,6,6,7,4,6,NA,NA,NA,NA,NA,4,3,5,4,5,NA,NA,NA,NA,NA,NA,NA,NA,NA,NA,3,3,4,2,4,NA,NA,NA,NA,NA,5,6,4,5,4
"8685161","24",1,"american","white",2,NA,NA,NA,NA,NA,4,4,4,4,4,4,5,4,5,5,NA,NA,NA,NA,NA,5,4,6,5,5,NA,NA,NA,NA,NA,NA,NA,NA,NA,NA,5,5,6,4,4,NA,NA,NA,NA,NA,4,5,5,5,6,5,6,4,5,5,NA,NA,NA,NA,NA,NA,NA,NA,NA,NA,6,5,6,5,6,6,4,5,5,5,NA,NA,NA,NA,NA,5,4,5,5,6,NA,NA,NA,NA,NA,5,4,5,4,5,NA,NA,NA,NA,NA,NA,NA,NA,NA,NA,5,5,5,5,5,NA,NA,NA,NA,NA,4,4,4,3,4
"5035966","61",2,"american","white",1,7,7,7,5,7,NA,NA,NA,NA,NA,NA,NA,NA,NA,NA,2,5,2,1,5,NA,NA,NA,NA,NA,1,6,6,1,6,NA,NA,NA,NA,NA,2,2,3,1,2,7,7,7,7,7,NA,NA,NA,NA,NA,7,7,7,6,7,NA,NA,NA,NA,NA,NA,NA,NA,NA,NA,1,2,2,2,4,1,2,1,1,1,NA,NA,NA,NA,NA,3,1,2,2,2,NA,NA,NA,NA,NA,1,5,2,1,2,NA,NA,NA,NA,NA,NA,NA,NA,NA,NA,2,2,4,2,3,NA,NA,NA,NA,NA,1,1,1,1,1
"4488801","63",2,"American","Caucasian",3,NA,NA,NA,NA,NA,2,6,2,2,6,5,6,7,3,7,NA,NA,NA,NA,NA,3,7,5,2,7,NA,NA,NA,NA,NA,NA,NA,NA,NA,NA,2,5,2,2,3,NA,NA,NA,NA,NA,3,6,5,3,5,5,6,6,2,6,NA,NA,NA,NA,NA,NA,NA,NA,NA,NA,2,6,6,6,6,1,6,1,1,5,NA,NA,NA,NA,NA,1,6,2,2,5,NA,NA,NA,NA,NA,NA,NA,NA,NA,NA,1,6,3,2,6,NA,NA,NA,NA,NA,2,5,2,2,5,1,6,2,1,1,NA,NA,NA,NA,NA
"2772843","21",2,"American","Hispanic",1,7,6,6,6,6,NA,NA,NA,NA,NA,NA,NA,NA,NA,NA,6,5,6,3,4,NA,NA,NA,NA,NA,4,5,6,6,5,NA,NA,NA,NA,NA,6,6,6,4,6,5,6,5,5,5,NA,NA,NA,NA,NA,6,6,6,7,6,NA,NA,NA,NA,NA,NA,NA,NA,NA,NA,6,4,4,3,6,4,6,4,4,5,NA,NA,NA,NA,NA,5,4,5,5,6,NA,NA,NA,NA,NA,4,4,2,2,5,NA,NA,NA,NA,NA,NA,NA,NA,NA,NA,3,5,2,3,4,NA,NA,NA,NA,NA,1,2,1,2,3
"318539","29",1,"USA","white",3,NA,NA,NA,NA,NA,5,5,4,4,4,5,4,4,4,4,NA,NA,NA,NA,NA,4,4,3,2,3,NA,NA,NA,NA,NA,NA,NA,NA,NA,NA,3,4,4,4,4,NA,NA,NA,NA,NA,3,3,4,4,4,5,4,4,3,5,NA,NA,NA,NA,NA,NA,NA,NA,NA,NA,4,4,4,4,3,4,4,2,2,3,NA,NA,NA,NA,NA,NA,NA,NA,NA,NA,3,4,4,4,3,4,4,3,3,4,NA,NA,NA,NA,NA,3,4,3,3,3,NA,NA,NA,NA,NA,NA,NA,NA,NA,NA,4,3,3,3,3
"5331001","38",2,"American","White",3,3,7,4,1,5,NA,NA,NA,NA,NA,NA,NA,NA,NA,NA,3,7,5,2,6,4,7,5,3,7,NA,NA,NA,NA,NA,NA,NA,NA,NA,NA,1,7,1,1,2,4,7,5,2,5,NA,NA,NA,NA,NA,NA,NA,NA,NA,NA,2,7,2,1,3,NA,NA,NA,NA,NA,4,7,4,2,5,2,7,2,1,3,NA,NA,NA,NA,NA,2,7,2,1,2,NA,NA,NA,NA,NA,3,7,4,2,3,NA,NA,NA,NA,NA,NA,NA,NA,NA,NA,2,7,2,1,5,NA,NA,NA,NA,NA,2,7,2,1,3
"7218046","59",2,"American","Caucasian",2,5,7,5,3,5,NA,NA,NA,NA,NA,NA,NA,NA,NA,NA,2,7,5,3,5,1,6,2,1,3,NA,NA,NA,NA,NA,NA,NA,NA,NA,NA,3,7,3,3,5,6,7,6,3,7,NA,NA,NA,NA,NA,NA,NA,NA,NA,NA,3,7,5,5,5,NA,NA,NA,NA,NA,3,7,3,4,5,3,7,3,3,6,NA,NA,NA,NA,NA,NA,NA,NA,NA,NA,3,7,5,3,5,2,7,5,2,5,NA,NA,NA,NA,NA,3,7,5,2,5,NA,NA,NA,NA,NA,NA,NA,NA,NA,NA,3,7,5,3,5
"1585966","34",2,"American","Caucasian",3,NA,NA,NA,NA,NA,5,5,4,1,5,NA,NA,NA,NA,NA,7,6,4,4,5,2,4,2,1,4,NA,NA,NA,NA,NA,NA,NA,NA,NA,NA,4,4,2,1,4,6,6,6,4,6,NA,NA,NA,NA,NA,6,6,6,1,6,NA,NA,NA,NA,NA,NA,NA,NA,NA,NA,4,6,7,6,5,2,4,1,1,4,NA,NA,NA,NA,NA,5,6,6,3,6,NA,NA,NA,NA,NA,6,6,6,2,6,NA,NA,NA,NA,NA,NA,NA,NA,NA,NA,3,5,1,1,3,NA,NA,NA,NA,NA,1,3,2,1,3
"7905251","62",2,"USA","White",4,NA,NA,NA,NA,NA,5,5,5,3,5,4,5,5,3,5,NA,NA,NA,NA,NA,6,6,6,2,6,NA,NA,NA,NA,NA,NA,NA,NA,NA,NA,7,6,7,2,6,NA,NA,NA,NA,NA,6,6,6,2,6,6,6,6,2,6,NA,NA,NA,NA,NA,2,5,4,3,5,NA,NA,NA,NA,NA,NA,NA,NA,NA,NA,4,4,5,1,5,NA,NA,NA,NA,NA,5,5,5,2,5,NA,NA,NA,NA,NA,4,5,5,2,5,2,4,4,2,4,NA,NA,NA,NA,NA,3,5,5,3,5,NA,NA,NA,NA,NA
"5050714","31",2,"usa","white",1,6,6,6,6,6,NA,NA,NA,NA,NA,6,6,6,1,6,NA,NA,NA,NA,NA,NA,NA,NA,NA,NA,4,4,4,2,4,NA,NA,NA,NA,NA,4,4,4,2,4,6,6,6,2,6,NA,NA,NA,NA,NA,NA,NA,NA,NA,NA,4,4,4,4,4,2,2,2,2,4,NA,NA,NA,NA,NA,NA,NA,NA,NA,NA,2,2,2,2,2,4,4,4,4,4,NA,NA,NA,NA,NA,NA,NA,NA,NA,NA,4,6,6,1,6,2,2,2,2,2,NA,NA,NA,NA,NA,NA,NA,NA,NA,NA,4,4,4,4,4
"9815106","41",1,"American","white",3,NA,NA,NA,NA,NA,6,5,6,4,5,NA,NA,NA,NA,NA,6,5,7,4,5,6,6,6,3,5,NA,NA,NA,NA,NA,NA,NA,NA,NA,NA,2,4,6,3,4,6,5,6,3,6,NA,NA,NA,NA,NA,4,5,4,4,5,NA,NA,NA,NA,NA,NA,NA,NA,NA,NA,6,3,4,3,4,4,6,5,4,4,NA,NA,NA,NA,NA,NA,NA,NA,NA,NA,3,5,6,4,5,4,4,5,3,4,NA,NA,NA,NA,NA,NA,NA,NA,NA,NA,2,4,4,3,3,2,5,2,2,4,NA,NA,NA,NA,NA
"6786809","23",1,"American","White",1,NA,NA,NA,NA,NA,5,2,5,5,6,NA,NA,NA,NA,NA,3,5,5,5,4,3,2,4,6,5,NA,NA,NA,NA,NA,NA,NA,NA,NA,NA,4,4,4,3,3,4,3,4,4,6,NA,NA,NA,NA,NA,3,4,3,5,3,NA,NA,NA,NA,NA,NA,NA,NA,NA,NA,2,5,4,3,2,5,5,4,2,2,NA,NA,NA,NA,NA,4,3,4,4,3,NA,NA,NA,NA,NA,NA,NA,NA,NA,NA,6,5,5,5,6,5,3,7,4,6,NA,NA,NA,NA,NA,NA,NA,NA,NA,NA,3,5,4,6,4
"9008802","24",2,"USA","White",2,7,6,7,4,7,NA,NA,NA,NA,NA,NA,NA,NA,NA,NA,6,5,6,3,6,NA,NA,NA,NA,NA,7,7,6,3,6,NA,NA,NA,NA,NA,1,4,3,4,3,7,6,6,2,7,NA,NA,NA,NA,NA,6,6,4,3,6,NA,NA,NA,NA,NA,1,6,7,6,4,NA,NA,NA,NA,NA,1,5,5,6,6,NA,NA,NA,NA,NA,NA,NA,NA,NA,NA,3,6,5,5,5,NA,NA,NA,NA,NA,3,5,5,4,6,NA,NA,NA,NA,NA,1,5,3,2,4,3,4,4,5,2,NA,NA,NA,NA,NA
"4610537","36",1,"American","White",1,2,2,2,2,2,NA,NA,NA,NA,NA,NA,NA,NA,NA,NA,2,2,2,2,2,5,2,4,2,1,NA,NA,NA,NA,NA,NA,NA,NA,NA,NA,2,2,2,2,2,3,3,5,2,2,NA,NA,NA,NA,NA,NA,NA,NA,NA,NA,1,2,2,2,2,NA,NA,NA,NA,NA,2,3,3,2,3,1,3,1,1,2,NA,NA,NA,NA,NA,NA,NA,NA,NA,NA,1,2,1,1,1,4,2,3,2,2,NA,NA,NA,NA,NA,1,1,1,1,1,NA,NA,NA,NA,NA,NA,NA,NA,NA,NA,1,1,1,1,1
"2966096","75",2,"American","White",4,5,6,6,1,6,NA,NA,NA,NA,NA,5,6,6,1,6,NA,NA,NA,NA,NA,NA,NA,NA,NA,NA,5,7,6,2,6,NA,NA,NA,NA,NA,6,7,6,1,6,6,7,7,1,6,NA,NA,NA,NA,NA,NA,NA,NA,NA,NA,5,6,6,2,5,5,6,6,2,6,NA,NA,NA,NA,NA,NA,NA,NA,NA,NA,5,7,6,1,6,NA,NA,NA,NA,NA,5,7,7,2,6,NA,NA,NA,NA,NA,4,7,7,2,6,6,7,7,2,6,NA,NA,NA,NA,NA,2,6,6,2,6,NA,NA,NA,NA,NA
"7742488","31",2,"black","african american",1,NA,NA,NA,NA,NA,6,6,5,4,6,NA,NA,NA,NA,NA,6,6,6,6,6,6,6,4,5,6,NA,NA,NA,NA,NA,NA,NA,NA,NA,NA,4,5,6,5,4,4,5,6,6,6,NA,NA,NA,NA,NA,7,5,6,4,6,NA,NA,NA,NA,NA,NA,NA,NA,NA,NA,6,7,6,5,6,6,7,5,6,6,NA,NA,NA,NA,NA,5,6,6,6,5,NA,NA,NA,NA,NA,NA,NA,NA,NA,NA,5,5,4,4,6,6,6,5,6,6,NA,NA,NA,NA,NA,NA,NA,NA,NA,NA,4,2,7,5,6
"2470879","38",1,"American","Caucasian",3,5,6,5,4,6,NA,NA,NA,NA,NA,5,5,5,3,5,NA,NA,NA,NA,NA,NA,NA,NA,NA,NA,4,4,3,3,5,NA,NA,NA,NA,NA,3,5,4,3,5,NA,NA,NA,NA,NA,5,5,4,3,5,5,5,5,3,5,NA,NA,NA,NA,NA,NA,NA,NA,NA,NA,5,5,4,3,5,2,6,4,2,6,NA,NA,NA,NA,NA,3,5,4,3,5,NA,NA,NA,NA,NA,NA,NA,NA,NA,NA,5,5,5,3,5,NA,NA,NA,NA,NA,5,5,5,3,5,3,5,4,3,5,NA,NA,NA,NA,NA
"9055826","40",1,"American","White",3,NA,NA,NA,NA,NA,5,5,5,4,4,NA,NA,NA,NA,NA,5,5,5,4,4,4,4,4,3,4,NA,NA,NA,NA,NA,NA,NA,NA,NA,NA,3,3,3,3,3,5,5,5,4,5,NA,NA,NA,NA,NA,5,4,5,4,4,NA,NA,NA,NA,NA,NA,NA,NA,NA,NA,3,4,4,4,4,3,4,4,4,4,NA,NA,NA,NA,NA,NA,NA,NA,NA,NA,3,4,3,3,4,5,4,4,4,4,NA,NA,NA,NA,NA,3,4,3,3,4,NA,NA,NA,NA,NA,NA,NA,NA,NA,NA,2,4,3,3,4
"5784368","26",2,"American/Canadian","Caucasian",2,3,5,4,5,5,NA,NA,NA,NA,NA,NA,NA,NA,NA,NA,3,5,5,5,5,NA,NA,NA,NA,NA,2,3,3,4,4,NA,NA,NA,NA,NA,2,4,3,5,5,7,7,7,7,7,NA,NA,NA,NA,NA,7,6,7,6,6,NA,NA,NA,NA,NA,NA,NA,NA,NA,NA,4,6,4,6,7,1,3,2,3,3,NA,NA,NA,NA,NA,NA,NA,NA,NA,NA,4,5,6,5,6,4,6,3,5,7,NA,NA,NA,NA,NA,NA,NA,NA,NA,NA,2,4,2,3,4,3,4,2,4,4,NA,NA,NA,NA,NA
"7686433","46",2,"American","white",3,4,5,6,3,5,NA,NA,NA,NA,NA,5,6,6,3,5,NA,NA,NA,NA,NA,6,5,5,4,5,NA,NA,NA,NA,NA,NA,NA,NA,NA,NA,5,3,4,2,4,NA,NA,NA,NA,NA,6,5,5,1,4,NA,NA,NA,NA,NA,4,4,4,1,2,NA,NA,NA,NA,NA,1,5,3,1,3,NA,NA,NA,NA,NA,3,3,4,2,3,1,4,3,4,2,NA,NA,NA,NA,NA,3,4,4,1,4,NA,NA,NA,NA,NA,NA,NA,NA,NA,NA,2,5,4,3,3,1,4,3,1,3,NA,NA,NA,NA,NA
"9735234","35",1,"American","White",1,NA,NA,NA,NA,NA,4,6,6,1,6,7,4,6,1,4,NA,NA,NA,NA,NA,2,2,4,1,2,NA,NA,NA,NA,NA,NA,NA,NA,NA,NA,3,6,6,1,6,7,6,7,4,5,NA,NA,NA,NA,NA,NA,NA,NA,NA,NA,6,6,5,1,6,NA,NA,NA,NA,NA,1,6,1,1,6,1,6,1,1,4,NA,NA,NA,NA,NA,NA,NA,NA,NA,NA,2,7,7,6,7,7,7,7,1,7,NA,NA,NA,NA,NA,NA,NA,NA,NA,NA,1,2,2,1,3,1,4,2,1,3,NA,NA,NA,NA,NA
"6940357","42",2,"American","white",5,2,4,4,1,4,NA,NA,NA,NA,NA,6,5,5,1,4,NA,NA,NA,NA,NA,3,3,1,1,3,NA,NA,NA,NA,NA,NA,NA,NA,NA,NA,1,1,1,1,1,NA,NA,NA,NA,NA,3,1,1,1,1,NA,NA,NA,NA,NA,5,4,5,1,3,1,1,2,1,1,NA,NA,NA,NA,NA,1,1,1,1,1,NA,NA,NA,NA,NA,NA,NA,NA,NA,NA,2,1,5,1,2,1,4,2,1,4,NA,NA,NA,NA,NA,NA,NA,NA,NA,NA,1,1,1,1,1,NA,NA,NA,NA,NA,1,1,1,1,1
"9618344","59",2,"American","white",3,4,6,6,3,6,NA,NA,NA,NA,NA,NA,NA,NA,NA,NA,4,6,6,4,6,4,6,6,3,6,NA,NA,NA,NA,NA,NA,NA,NA,NA,NA,3,5,6,3,5,NA,NA,NA,NA,NA,4,6,6,3,6,4,6,6,3,5,NA,NA,NA,NA,NA,NA,NA,NA,NA,NA,3,6,5,3,5,NA,NA,NA,NA,NA,3,6,5,3,6,3,6,5,3,5,NA,NA,NA,NA,NA,NA,NA,NA,NA,NA,3,6,5,3,6,2,6,5,2,5,NA,NA,NA,NA,NA,1,6,5,2,5,NA,NA,NA,NA,NA
"4640663","34",2,"hispanic","hispanic",3,4,4,4,4,4,NA,NA,NA,NA,NA,4,4,4,4,4,NA,NA,NA,NA,NA,2,2,2,2,2,NA,NA,NA,NA,NA,NA,NA,NA,NA,NA,3,3,3,3,3,NA,NA,NA,NA,NA,3,3,3,3,3,NA,NA,NA,NA,NA,5,5,5,5,5,1,1,1,1,1,NA,NA,NA,NA,NA,NA,NA,NA,NA,NA,3,3,3,3,3,NA,NA,NA,NA,NA,4,4,4,4,4,2,1,1,1,1,NA,NA,NA,NA,NA,4,4,4,4,4,NA,NA,NA,NA,NA,NA,NA,NA,NA,NA,2,2,2,2,2
"1154800","46",2,"American","white",2,3,4,4,1,4,NA,NA,NA,NA,NA,NA,NA,NA,NA,NA,3,4,3,1,3,NA,NA,NA,NA,NA,4,4,4,1,4,NA,NA,NA,NA,NA,4,5,3,1,4,7,7,7,1,7,NA,NA,NA,NA,NA,6,7,6,1,6,NA,NA,NA,NA,NA,3,4,3,1,3,NA,NA,NA,NA,NA,NA,NA,NA,NA,NA,2,4,2,1,3,NA,NA,NA,NA,NA,3,5,4,1,4,NA,NA,NA,NA,NA,4,4,3,1,4,3,4,3,1,3,NA,NA,NA,NA,NA,3,4,3,1,3,NA,NA,NA,NA,NA
"4760970","19",1,"American","White",2,3,4,4,2,3,NA,NA,NA,NA,NA,4,3,3,2,3,NA,NA,NA,NA,NA,NA,NA,NA,NA,NA,4,4,5,2,3,NA,NA,NA,NA,NA,4,4,3,2,3,NA,NA,NA,NA,NA,5,6,6,4,3,4,5,4,3,5,NA,NA,NA,NA,NA,3,4,3,3,2,NA,NA,NA,NA,NA,2,2,2,2,2,NA,NA,NA,NA,NA,NA,NA,NA,NA,NA,4,3,5,3,4,NA,NA,NA,NA,NA,3,3,1,2,3,NA,NA,NA,NA,NA,2,2,3,2,2,3,4,4,2,3,NA,NA,NA,NA,NA
"3108916","27",2,"american","white",1,NA,NA,NA,NA,NA,3,5,5,4,5,6,5,6,5,5,NA,NA,NA,NA,NA,4,4,4,3,4,NA,NA,NA,NA,NA,NA,NA,NA,NA,NA,4,5,3,5,6,4,5,5,3,5,NA,NA,NA,NA,NA,NA,NA,NA,NA,NA,5,4,4,4,4,6,6,6,6,5,NA,NA,NA,NA,NA,NA,NA,NA,NA,NA,4,6,4,4,6,5,6,3,5,5,NA,NA,NA,NA,NA,NA,NA,NA,NA,NA,5,3,6,3,5,NA,NA,NA,NA,NA,6,4,4,3,4,4,6,3,3,5,NA,NA,NA,NA,NA
"4472886","34",1,"american","white",1,NA,NA,NA,NA,NA,4,4,4,5,5,4,5,4,4,4,NA,NA,NA,NA,NA,NA,NA,NA,NA,NA,4,4,4,3,3,NA,NA,NA,NA,NA,5,4,5,4,5,5,4,5,4,4,NA,NA,NA,NA,NA,4,4,3,3,3,NA,NA,NA,NA,NA,4,5,4,5,4,NA,NA,NA,NA,NA,NA,NA,NA,NA,NA,5,4,5,4,5,3,3,4,3,3,NA,NA,NA,NA,NA,NA,NA,NA,NA,NA,6,5,5,5,5,NA,NA,NA,NA,NA,5,4,5,4,5,3,3,4,4,4,NA,NA,NA,NA,NA
"99025","28",1,"usa","white",3,NA,NA,NA,NA,NA,6,4,5,2,5,6,5,7,3,6,NA,NA,NA,NA,NA,4,5,6,3,6,NA,NA,NA,NA,NA,NA,NA,NA,NA,NA,3,1,2,1,2,NA,NA,NA,NA,NA,4,5,6,2,6,4,5,4,6,5,NA,NA,NA,NA,NA,2,3,3,2,2,NA,NA,NA,NA,NA,NA,NA,NA,NA,NA,2,3,3,4,3,NA,NA,NA,NA,NA,3,6,6,5,6,NA,NA,NA,NA,NA,4,4,4,5,5,2,4,3,2,3,NA,NA,NA,NA,NA,3,3,2,2,2,NA,NA,NA,NA,NA
"3894117","26",2,"American","White",3,NA,NA,NA,NA,NA,5,5,4,4,5,5,5,3,5,5,NA,NA,NA,NA,NA,4,3,3,4,4,NA,NA,NA,NA,NA,NA,NA,NA,NA,NA,4,3,4,4,3,NA,NA,NA,NA,NA,5,4,5,4,3,4,4,4,4,3,NA,NA,NA,NA,NA,5,5,5,5,4,NA,NA,NA,NA,NA,3,4,4,4,3,NA,NA,NA,NA,NA,NA,NA,NA,NA,NA,4,5,4,5,6,NA,NA,NA,NA,NA,5,5,5,5,5,NA,NA,NA,NA,NA,5,4,5,4,5,2,2,2,2,2,NA,NA,NA,NA,NA
"7673980","39",1,"USA","White",3,4,4,4,4,4,NA,NA,NA,NA,NA,NA,NA,NA,NA,NA,5,4,4,4,4,NA,NA,NA,NA,NA,5,4,5,4,4,NA,NA,NA,NA,NA,4,4,4,4,4,4,4,4,4,4,NA,NA,NA,NA,NA,4,4,5,4,4,NA,NA,NA,NA,NA,NA,NA,NA,NA,NA,4,4,4,4,4,3,4,4,4,4,NA,NA,NA,NA,NA,4,4,4,4,4,NA,NA,NA,NA,NA,NA,NA,NA,NA,NA,3,4,4,4,4,3,4,4,4,4,NA,NA,NA,NA,NA,NA,NA,NA,NA,NA,3,4,4,4,4
"8286994","30",1,"USA","White",2,NA,NA,NA,NA,NA,3,3,4,2,4,NA,NA,NA,NA,NA,7,6,7,6,6,6,6,7,6,7,NA,NA,NA,NA,NA,NA,NA,NA,NA,NA,1,2,1,1,3,6,6,6,6,6,NA,NA,NA,NA,NA,6,6,6,5,6,NA,NA,NA,NA,NA,NA,NA,NA,NA,NA,3,3,3,3,3,NA,NA,NA,NA,NA,1,1,1,1,1,2,2,2,1,3,NA,NA,NA,NA,NA,1,1,1,1,1,NA,NA,NA,NA,NA,1,1,1,1,1,NA,NA,NA,NA,NA,NA,NA,NA,NA,NA,1,1,1,1,1
"993245","55",2,"American","Caucasian",3,5,7,7,1,7,NA,NA,NA,NA,NA,NA,NA,NA,NA,NA,5,5,5,1,5,6,6,6,1,6,NA,NA,NA,NA,NA,NA,NA,NA,NA,NA,4,6,6,1,4,6,6,6,1,6,NA,NA,NA,NA,NA,NA,NA,NA,NA,NA,7,7,7,1,7,3,5,5,1,5,NA,NA,NA,NA,NA,NA,NA,NA,NA,NA,4,6,6,1,6,NA,NA,NA,NA,NA,5,5,5,1,5,5,5,5,1,5,NA,NA,NA,NA,NA,5,5,5,1,5,NA,NA,NA,NA,NA,NA,NA,NA,NA,NA,4,4,4,4,4
"8418786","46",1,"USA","White",3,NA,NA,NA,NA,NA,5,6,4,6,6,6,6,7,6,6,NA,NA,NA,NA,NA,4,6,6,4,6,NA,NA,NA,NA,NA,NA,NA,NA,NA,NA,5,5,5,3,6,NA,NA,NA,NA,NA,6,7,6,3,6,5,6,7,5,6,NA,NA,NA,NA,NA,5,7,6,5,5,NA,NA,NA,NA,NA,4,6,3,2,5,NA,NA,NA,NA,NA,NA,NA,NA,NA,NA,4,6,6,5,6,6,6,6,6,6,NA,NA,NA,NA,NA,NA,NA,NA,NA,NA,4,6,3,5,6,NA,NA,NA,NA,NA,4,5,3,4,5
"7318364","46",1,"American","White",3,NA,NA,NA,NA,NA,3,5,4,1,5,NA,NA,NA,NA,NA,3,4,5,3,4,6,5,5,4,5,NA,NA,NA,NA,NA,NA,NA,NA,NA,NA,3,5,5,4,5,6,5,5,4,5,NA,NA,NA,NA,NA,6,5,6,4,5,NA,NA,NA,NA,NA,NA,NA,NA,NA,NA,3,5,4,4,4,NA,NA,NA,NA,NA,1,5,1,1,4,3,5,5,4,4,NA,NA,NA,NA,NA,NA,NA,NA,NA,NA,3,5,6,4,4,3,5,3,4,4,NA,NA,NA,NA,NA,3,5,4,4,4,NA,NA,NA,NA,NA
"9216410","30",2,"american","white",4,3,5,5,4,5,NA,NA,NA,NA,NA,3,4,5,5,4,NA,NA,NA,NA,NA,3,4,4,3,3,NA,NA,NA,NA,NA,NA,NA,NA,NA,NA,4,4,3,3,3,NA,NA,NA,NA,NA,5,5,5,5,5,NA,NA,NA,NA,NA,5,5,5,5,5,NA,NA,NA,NA,NA,3,4,6,5,5,NA,NA,NA,NA,NA,3,5,3,3,4,2,4,3,3,4,NA,NA,NA,NA,NA,3,4,5,5,5,NA,NA,NA,NA,NA,NA,NA,NA,NA,NA,2,2,2,2,3,1,5,2,1,3,NA,NA,NA,NA,NA
"3741810","38",1,"American","White",3,NA,NA,NA,NA,NA,4,5,6,5,4,5,5,4,4,5,NA,NA,NA,NA,NA,5,5,6,6,5,NA,NA,NA,NA,NA,NA,NA,NA,NA,NA,5,4,3,4,4,NA,NA,NA,NA,NA,6,6,5,5,5,6,5,5,5,4,NA,NA,NA,NA,NA,NA,NA,NA,NA,NA,2,3,2,2,2,NA,NA,NA,NA,NA,4,4,4,3,4,3,5,3,4,5,NA,NA,NA,NA,NA,NA,NA,NA,NA,NA,6,5,6,5,6,3,4,4,3,4,NA,NA,NA,NA,NA,2,3,3,3,3,NA,NA,NA,NA,NA
"2759629","25",2,"American","Caucasian",3,4,6,6,4,6,NA,NA,NA,NA,NA,NA,NA,NA,NA,NA,6,5,4,1,5,NA,NA,NA,NA,NA,6,3,6,1,5,NA,NA,NA,NA,NA,6,6,6,2,6,7,6,7,1,6,NA,NA,NA,NA,NA,7,7,7,3,7,NA,NA,NA,NA,NA,NA,NA,NA,NA,NA,2,6,2,2,5,3,5,2,4,3,NA,NA,NA,NA,NA,NA,NA,NA,NA,NA,3,3,3,2,3,4,3,3,1,4,NA,NA,NA,NA,NA,NA,NA,NA,NA,NA,4,5,2,1,3,3,5,2,4,3,NA,NA,NA,NA,NA
"5983925","21",1,"usa","white",1,5,3,6,3,4,NA,NA,NA,NA,NA,4,5,5,3,3,NA,NA,NA,NA,NA,5,4,5,3,4,NA,NA,NA,NA,NA,NA,NA,NA,NA,NA,5,3,3,4,5,NA,NA,NA,NA,NA,4,4,3,4,5,NA,NA,NA,NA,NA,5,5,6,4,4,NA,NA,NA,NA,NA,4,3,3,5,3,NA,NA,NA,NA,NA,3,5,3,2,5,4,6,4,5,3,NA,NA,NA,NA,NA,NA,NA,NA,NA,NA,3,5,5,4,5,3,5,5,4,5,NA,NA,NA,NA,NA,3,3,3,3,4,NA,NA,NA,NA,NA
"1943057","29",2,"USA","Caucasian",3,NA,NA,NA,NA,NA,2,2,2,3,3,6,5,6,5,5,NA,NA,NA,NA,NA,6,5,6,5,5,NA,NA,NA,NA,NA,NA,NA,NA,NA,NA,1,3,3,3,2,NA,NA,NA,NA,NA,5,3,2,3,4,7,6,6,6,6,NA,NA,NA,NA,NA,NA,NA,NA,NA,NA,1,4,3,4,4,1,3,1,3,3,NA,NA,NA,NA,NA,NA,NA,NA,NA,NA,2,6,6,6,6,1,3,1,3,3,NA,NA,NA,NA,NA,1,2,2,3,2,NA,NA,NA,NA,NA,NA,NA,NA,NA,NA,1,3,2,3,3
"1678545","57",2,"American","white",3,NA,NA,NA,NA,NA,4,4,4,3,1,6,6,6,4,7,NA,NA,NA,NA,NA,4,5,7,3,6,NA,NA,NA,NA,NA,NA,NA,NA,NA,NA,5,5,7,3,5,NA,NA,NA,NA,NA,6,5,6,4,3,5,6,5,4,5,NA,NA,NA,NA,NA,NA,NA,NA,NA,NA,2,6,4,3,4,3,4,4,1,4,NA,NA,NA,NA,NA,4,5,4,5,5,NA,NA,NA,NA,NA,3,4,4,3,5,NA,NA,NA,NA,NA,NA,NA,NA,NA,NA,1,6,3,2,6,NA,NA,NA,NA,NA,2,4,2,3,4
"9840937","41",1,"usa","white",1,6,5,5,2,5,NA,NA,NA,NA,NA,6,5,6,5,6,NA,NA,NA,NA,NA,4,5,4,2,4,NA,NA,NA,NA,NA,NA,NA,NA,NA,NA,2,4,3,2,4,NA,NA,NA,NA,NA,4,4,4,4,5,NA,NA,NA,NA,NA,4,4,3,2,4,2,5,4,4,4,NA,NA,NA,NA,NA,NA,NA,NA,NA,NA,3,5,3,2,5,2,5,5,3,4,NA,NA,NA,NA,NA,NA,NA,NA,NA,NA,5,4,5,3,5,NA,NA,NA,NA,NA,4,4,4,3,4,1,4,4,2,4,NA,NA,NA,NA,NA
"3295583","26",2,"American","Native American",1,5,5,4,5,4,NA,NA,NA,NA,NA,5,5,5,4,5,NA,NA,NA,NA,NA,NA,NA,NA,NA,NA,5,4,5,3,4,NA,NA,NA,NA,NA,5,4,2,3,4,NA,NA,NA,NA,NA,5,5,4,3,4,6,6,6,2,6,NA,NA,NA,NA,NA,3,3,4,5,4,NA,NA,NA,NA,NA,NA,NA,NA,NA,NA,4,4,3,2,5,NA,NA,NA,NA,NA,6,5,5,4,5,NA,NA,NA,NA,NA,3,5,3,4,5,1,4,4,3,4,NA,NA,NA,NA,NA,3,4,3,5,3,NA,NA,NA,NA,NA
"6945661","27",1,"American","Hispanic",2,3,3,4,4,3,NA,NA,NA,NA,NA,5,6,5,5,5,NA,NA,NA,NA,NA,NA,NA,NA,NA,NA,2,2,2,3,2,NA,NA,NA,NA,NA,5,3,3,4,3,NA,NA,NA,NA,NA,6,4,4,5,3,4,4,4,4,5,NA,NA,NA,NA,NA,5,4,4,3,4,NA,NA,NA,NA,NA,1,3,3,1,2,NA,NA,NA,NA,NA,2,3,3,4,3,NA,NA,NA,NA,NA,NA,NA,NA,NA,NA,4,4,3,4,3,NA,NA,NA,NA,NA,1,3,3,2,2,NA,NA,NA,NA,NA,1,3,2,4,3
"7536729","33",1,"American","Caucasian",3,NA,NA,NA,NA,NA,6,5,2,5,5,5,6,5,7,5,NA,NA,NA,NA,NA,5,6,5,4,5,NA,NA,NA,NA,NA,NA,NA,NA,NA,NA,4,5,5,4,5,NA,NA,NA,NA,NA,4,3,3,4,4,5,5,3,6,6,NA,NA,NA,NA,NA,NA,NA,NA,NA,NA,4,5,5,4,4,5,6,6,6,5,NA,NA,NA,NA,NA,NA,NA,NA,NA,NA,4,4,3,5,5,3,6,5,5,4,NA,NA,NA,NA,NA,NA,NA,NA,NA,NA,3,3,3,2,3,4,4,4,6,6,NA,NA,NA,NA,NA
"1127161","18",1,"usa","asian",2,5,5,4,4,4,NA,NA,NA,NA,NA,NA,NA,NA,NA,NA,3,5,4,5,4,5,4,5,4,5,NA,NA,NA,NA,NA,NA,NA,NA,NA,NA,5,3,4,5,3,3,5,5,4,5,NA,NA,NA,NA,NA,NA,NA,NA,NA,NA,5,3,3,5,3,NA,NA,NA,NA,NA,5,4,5,3,4,5,5,4,5,4,NA,NA,NA,NA,NA,NA,NA,NA,NA,NA,5,4,4,4,3,5,4,4,3,4,NA,NA,NA,NA,NA,3,5,4,4,4,NA,NA,NA,NA,NA,NA,NA,NA,NA,NA,4,4,5,5,3
"4825854","43",1,"USA","White",1,6,5,5,3,5,NA,NA,NA,NA,NA,6,6,6,4,5,NA,NA,NA,NA,NA,4,5,5,5,4,NA,NA,NA,NA,NA,NA,NA,NA,NA,NA,2,5,4,3,5,NA,NA,NA,NA,NA,4,4,5,5,3,NA,NA,NA,NA,NA,5,6,6,2,5,NA,NA,NA,NA,NA,6,5,4,5,4,NA,NA,NA,NA,NA,3,5,3,2,5,5,5,6,5,5,NA,NA,NA,NA,NA,NA,NA,NA,NA,NA,3,5,4,2,4,4,5,4,5,4,NA,NA,NA,NA,NA,2,4,4,3,3,NA,NA,NA,NA,NA
"8662451","32",1,"USA","White",1,5,6,5,3,5,NA,NA,NA,NA,NA,5,5,5,4,5,NA,NA,NA,NA,NA,NA,NA,NA,NA,NA,5,6,6,3,5,NA,NA,NA,NA,NA,5,5,3,4,4,NA,NA,NA,NA,NA,5,5,4,4,5,5,5,6,4,5,NA,NA,NA,NA,NA,4,5,3,5,5,NA,NA,NA,NA,NA,NA,NA,NA,NA,NA,4,5,3,2,5,NA,NA,NA,NA,NA,4,6,4,3,5,NA,NA,NA,NA,NA,4,6,3,3,5,4,5,2,2,5,NA,NA,NA,NA,NA,3,5,3,4,4,NA,NA,NA,NA,NA
"5499588","30",1,"USA","white",1,NA,NA,NA,NA,NA,4,5,5,4,4,6,4,5,3,4,NA,NA,NA,NA,NA,6,4,4,3,4,NA,NA,NA,NA,NA,NA,NA,NA,NA,NA,3,5,2,1,3,7,5,6,3,5,NA,NA,NA,NA,NA,NA,NA,NA,NA,NA,6,5,4,3,4,NA,NA,NA,NA,NA,1,5,1,2,3,3,3,2,1,4,NA,NA,NA,NA,NA,4,4,4,3,5,NA,NA,NA,NA,NA,4,6,4,3,5,NA,NA,NA,NA,NA,NA,NA,NA,NA,NA,4,4,3,1,4,NA,NA,NA,NA,NA,3,4,2,1,3
"5025724","43",1,"American","White",3,NA,NA,NA,NA,NA,5,4,3,2,4,6,4,5,3,5,NA,NA,NA,NA,NA,NA,NA,NA,NA,NA,4,3,4,3,3,NA,NA,NA,NA,NA,5,5,4,3,5,7,4,6,4,6,NA,NA,NA,NA,NA,6,5,6,5,5,NA,NA,NA,NA,NA,4,2,5,5,4,NA,NA,NA,NA,NA,NA,NA,NA,NA,NA,3,5,2,2,4,NA,NA,NA,NA,NA,2,4,4,5,4,NA,NA,NA,NA,NA,6,4,4,5,5,3,5,4,4,3,NA,NA,NA,NA,NA,3,4,2,5,5,NA,NA,NA,NA,NA
"1018310","33",2,"American","Black",3,NA,NA,NA,NA,NA,2,6,6,7,3,6,6,7,5,6,NA,NA,NA,NA,NA,7,6,7,4,7,NA,NA,NA,NA,NA,NA,NA,NA,NA,NA,7,6,6,6,1,7,6,6,7,5,NA,NA,NA,NA,NA,NA,NA,NA,NA,NA,1,1,1,1,1,NA,NA,NA,NA,NA,1,6,5,6,3,NA,NA,NA,NA,NA,4,6,3,2,6,NA,NA,NA,NA,NA,1,6,3,3,4,5,6,6,5,6,NA,NA,NA,NA,NA,2,5,5,1,3,NA,NA,NA,NA,NA,1,1,1,4,1,NA,NA,NA,NA,NA
"89415","23",1,"American","Caucasian",2,7,7,7,4,6,NA,NA,NA,NA,NA,7,1,7,1,7,NA,NA,NA,NA,NA,NA,NA,NA,NA,NA,6,5,7,4,5,NA,NA,NA,NA,NA,4,5,4,5,5,NA,NA,NA,NA,NA,7,6,6,6,4,7,7,7,2,7,NA,NA,NA,NA,NA,7,7,7,7,7,NA,NA,NA,NA,NA,NA,NA,NA,NA,NA,5,4,5,6,4,NA,NA,NA,NA,NA,7,7,7,1,7,NA,NA,NA,NA,NA,7,3,4,4,7,7,7,7,7,7,NA,NA,NA,NA,NA,7,7,7,3,7,NA,NA,NA,NA,NA
"8745052","34",1,"american","white",3,NA,NA,NA,NA,NA,4,4,3,2,5,7,5,7,5,5,NA,NA,NA,NA,NA,6,5,7,3,6,NA,NA,NA,NA,NA,NA,NA,NA,NA,NA,4,5,4,2,4,6,6,5,2,5,NA,NA,NA,NA,NA,NA,NA,NA,NA,NA,6,4,5,2,3,2,5,3,2,4,NA,NA,NA,NA,NA,NA,NA,NA,NA,NA,1,4,2,1,3,NA,NA,NA,NA,NA,3,4,4,2,5,3,3,4,1,5,NA,NA,NA,NA,NA,2,5,3,1,4,NA,NA,NA,NA,NA,NA,NA,NA,NA,NA,2,4,3,2,4
"5796086","24",1,"American","White",1,5,5,7,5,6,NA,NA,NA,NA,NA,NA,NA,NA,NA,NA,5,6,5,6,4,4,4,5,6,6,NA,NA,NA,NA,NA,NA,NA,NA,NA,NA,6,4,3,7,5,4,6,5,7,7,NA,NA,NA,NA,NA,NA,NA,NA,NA,NA,6,6,7,7,6,3,6,7,5,7,NA,NA,NA,NA,NA,NA,NA,NA,NA,NA,5,6,7,7,5,6,7,6,4,5,NA,NA,NA,NA,NA,NA,NA,NA,NA,NA,6,5,5,2,5,6,5,6,5,5,NA,NA,NA,NA,NA,NA,NA,NA,NA,NA,6,5,5,4,6
"4860791","22",1,"American","White",1,4,5,4,2,5,NA,NA,NA,NA,NA,5,7,5,1,5,NA,NA,NA,NA,NA,NA,NA,NA,NA,NA,5,3,4,2,3,NA,NA,NA,NA,NA,5,5,5,3,3,6,6,5,3,6,NA,NA,NA,NA,NA,NA,NA,NA,NA,NA,6,6,5,4,4,2,5,2,2,3,NA,NA,NA,NA,NA,1,6,2,1,5,NA,NA,NA,NA,NA,NA,NA,NA,NA,NA,3,7,4,1,7,NA,NA,NA,NA,NA,5,7,3,1,7,NA,NA,NA,NA,NA,2,6,1,2,5,1,5,2,1,3,NA,NA,NA,NA,NA
"1569209","21",3,"American","White",2,7,7,7,3,7,NA,NA,NA,NA,NA,7,7,7,1,7,NA,NA,NA,NA,NA,NA,NA,NA,NA,NA,5,7,5,4,7,NA,NA,NA,NA,NA,3,7,4,3,7,7,7,7,4,7,NA,NA,NA,NA,NA,NA,NA,NA,NA,NA,6,7,7,4,7,NA,NA,NA,NA,NA,3,7,2,1,7,1,7,3,2,7,NA,NA,NA,NA,NA,1,7,4,1,7,NA,NA,NA,NA,NA,7,7,7,4,7,NA,NA,NA,NA,NA,NA,NA,NA,NA,NA,1,7,4,1,7,NA,NA,NA,NA,NA,1,7,1,1,7
"6240613","24",1,"American","Asian",2,NA,NA,NA,NA,NA,3,6,3,1,4,6,5,4,3,5,NA,NA,NA,NA,NA,4,4,4,2,5,NA,NA,NA,NA,NA,NA,NA,NA,NA,NA,5,4,5,3,4,NA,NA,NA,NA,NA,5,4,4,2,3,4,5,5,1,4,NA,NA,NA,NA,NA,NA,NA,NA,NA,NA,3,4,5,2,5,NA,NA,NA,NA,NA,2,4,2,1,5,1,4,2,1,1,NA,NA,NA,NA,NA,2,5,2,1,3,NA,NA,NA,NA,NA,2,1,1,1,2,NA,NA,NA,NA,NA,NA,NA,NA,NA,NA,2,3,2,1,3
"5139703","65",2,"usa","white",1,NA,NA,NA,NA,NA,4,3,5,5,3,4,4,4,5,6,NA,NA,NA,NA,NA,NA,NA,NA,NA,NA,5,4,5,4,3,NA,NA,NA,NA,NA,5,3,5,3,4,5,4,4,4,4,NA,NA,NA,NA,NA,3,3,6,5,5,NA,NA,NA,NA,NA,4,5,4,4,4,NA,NA,NA,NA,NA,6,5,5,3,3,NA,NA,NA,NA,NA,NA,NA,NA,NA,NA,5,4,3,3,5,3,3,4,4,3,NA,NA,NA,NA,NA,NA,NA,NA,NA,NA,3,5,4,4,5,NA,NA,NA,NA,NA,3,6,4,4,4
"4309428","28",1,"USA","Caucasian",2,5,7,5,1,6,NA,NA,NA,NA,NA,NA,NA,NA,NA,NA,5,6,6,2,5,NA,NA,NA,NA,NA,5,6,6,2,6,NA,NA,NA,NA,NA,6,4,2,2,5,5,6,5,6,5,NA,NA,NA,NA,NA,6,6,6,3,6,NA,NA,NA,NA,NA,NA,NA,NA,NA,NA,6,6,5,6,4,NA,NA,NA,NA,NA,2,5,6,3,6,NA,NA,NA,NA,NA,6,6,6,5,6,2,2,5,6,4,NA,NA,NA,NA,NA,4,5,2,3,4,NA,NA,NA,NA,NA,5,5,3,2,6,NA,NA,NA,NA,NA
"7580046","29",1,"usa","white",1,7,7,7,1,7,NA,NA,NA,NA,NA,NA,NA,NA,NA,NA,4,4,4,3,4,7,7,7,1,7,NA,NA,NA,NA,NA,NA,NA,NA,NA,NA,6,6,4,3,6,7,6,6,2,6,NA,NA,NA,NA,NA,NA,NA,NA,NA,NA,4,4,4,4,4,3,5,4,2,4,NA,NA,NA,NA,NA,1,1,1,1,4,NA,NA,NA,NA,NA,NA,NA,NA,NA,NA,3,4,4,1,4,NA,NA,NA,NA,NA,7,5,4,1,4,NA,NA,NA,NA,NA,1,1,1,1,1,1,1,1,1,3,NA,NA,NA,NA,NA
"2798317","23",1,"American","Asian",2,5,7,5,4,7,NA,NA,NA,NA,NA,5,5,4,4,6,NA,NA,NA,NA,NA,7,7,7,4,7,NA,NA,NA,NA,NA,NA,NA,NA,NA,NA,5,4,4,4,4,NA,NA,NA,NA,NA,6,5,4,4,5,NA,NA,NA,NA,NA,5,5,5,5,5,4,4,3,4,4,NA,NA,NA,NA,NA,NA,NA,NA,NA,NA,2,6,5,4,6,4,4,4,5,4,NA,NA,NA,NA,NA,NA,NA,NA,NA,NA,4,5,5,5,6,NA,NA,NA,NA,NA,1,4,4,4,4,3,4,2,4,4,NA,NA,NA,NA,NA
"5529528","29",1,"USA","Caucasian/Irish",1,NA,NA,NA,NA,NA,3,6,3,2,2,4,6,4,4,6,NA,NA,NA,NA,NA,5,6,6,4,5,NA,NA,NA,NA,NA,NA,NA,NA,NA,NA,3,4,3,1,1,7,5,6,5,4,NA,NA,NA,NA,NA,NA,NA,NA,NA,NA,3,5,1,2,3,NA,NA,NA,NA,NA,1,5,2,2,3,1,6,2,1,2,NA,NA,NA,NA,NA,4,6,5,1,3,NA,NA,NA,NA,NA,NA,NA,NA,NA,NA,4,6,2,3,1,NA,NA,NA,NA,NA,2,7,6,2,3,1,4,1,1,1,NA,NA,NA,NA,NA
"7798801","40",2,"American","Caucasian",2,6,6,6,2,7,NA,NA,NA,NA,NA,NA,NA,NA,NA,NA,4,5,6,1,5,NA,NA,NA,NA,NA,4,2,5,3,3,NA,NA,NA,NA,NA,6,7,5,5,6,7,7,6,3,6,NA,NA,NA,NA,NA,6,5,6,2,6,NA,NA,NA,NA,NA,NA,NA,NA,NA,NA,7,5,5,3,7,NA,NA,NA,NA,NA,2,1,1,3,1,6,5,6,4,6,NA,NA,NA,NA,NA,4,3,5,1,3,NA,NA,NA,NA,NA,2,2,2,1,1,NA,NA,NA,NA,NA,NA,NA,NA,NA,NA,4,2,3,5,4
"671903","24",1,"american","white",2,3,7,6,2,6,NA,NA,NA,NA,NA,3,6,4,5,6,NA,NA,NA,NA,NA,4,7,3,3,6,NA,NA,NA,NA,NA,NA,NA,NA,NA,NA,5,6,3,2,6,NA,NA,NA,NA,NA,3,5,5,3,5,NA,NA,NA,NA,NA,2,6,2,3,6,NA,NA,NA,NA,NA,6,6,7,5,6,3,6,2,2,6,NA,NA,NA,NA,NA,1,5,2,2,5,NA,NA,NA,NA,NA,5,5,6,5,5,NA,NA,NA,NA,NA,NA,NA,NA,NA,NA,3,6,2,3,6,NA,NA,NA,NA,NA,1,6,1,2,6
"639221","25",2,"American","Multiracial",1,NA,NA,NA,NA,NA,5,4,5,1,4,4,4,6,2,4,NA,NA,NA,NA,NA,6,6,6,6,6,NA,NA,NA,NA,NA,NA,NA,NA,NA,NA,5,5,5,5,5,NA,NA,NA,NA,NA,5,5,5,2,5,6,6,6,2,6,NA,NA,NA,NA,NA,6,4,6,5,6,NA,NA,NA,NA,NA,NA,NA,NA,NA,NA,6,6,6,2,5,4,1,7,7,6,NA,NA,NA,NA,NA,NA,NA,NA,NA,NA,6,6,6,5,6,1,5,5,2,4,NA,NA,NA,NA,NA,NA,NA,NA,NA,NA,5,1,4,6,4
"4788449","62",1,"united states","white",2,4,5,4,4,5,NA,NA,NA,NA,NA,NA,NA,NA,NA,NA,3,3,3,4,4,5,5,5,4,5,NA,NA,NA,NA,NA,NA,NA,NA,NA,NA,4,5,4,4,5,5,5,5,4,5,NA,NA,NA,NA,NA,NA,NA,NA,NA,NA,4,5,5,4,5,NA,NA,NA,NA,NA,4,5,5,4,4,4,5,4,3,5,NA,NA,NA,NA,NA,NA,NA,NA,NA,NA,3,3,4,4,4,4,5,5,4,5,NA,NA,NA,NA,NA,NA,NA,NA,NA,NA,4,5,5,4,5,3,4,4,3,4,NA,NA,NA,NA,NA
"5815164","37",2,"American","Caucasian",2,5,5,5,5,6,NA,NA,NA,NA,NA,6,4,6,5,5,NA,NA,NA,NA,NA,NA,NA,NA,NA,NA,5,4,4,4,4,NA,NA,NA,NA,NA,5,5,4,4,5,4,5,4,4,5,NA,NA,NA,NA,NA,NA,NA,NA,NA,NA,5,4,5,4,4,NA,NA,NA,NA,NA,5,5,6,5,5,NA,NA,NA,NA,NA,3,6,4,4,5,4,5,3,3,5,NA,NA,NA,NA,NA,NA,NA,NA,NA,NA,4,4,5,5,4,4,4,4,3,4,NA,NA,NA,NA,NA,3,4,4,4,4,NA,NA,NA,NA,NA
"9686670","29",1,"American","Caucasian",1,NA,NA,NA,NA,NA,3,5,5,4,5,6,5,6,5,5,NA,NA,NA,NA,NA,5,4,4,4,4,NA,NA,NA,NA,NA,NA,NA,NA,NA,NA,5,4,5,2,4,NA,NA,NA,NA,NA,7,5,7,2,4,7,4,6,2,5,NA,NA,NA,NA,NA,NA,NA,NA,NA,NA,2,4,3,4,3,3,5,5,3,5,NA,NA,NA,NA,NA,NA,NA,NA,NA,NA,4,5,4,5,5,6,5,6,4,6,NA,NA,NA,NA,NA,NA,NA,NA,NA,NA,3,4,3,2,4,2,4,3,2,3,NA,NA,NA,NA,NA
